  0
SECTION
  2
HEADER
  9
$ACADVER
  1
AC1027
  9
$ACADMAINTVER
 70
105
  9
$DWGCODEPAGE
  3
ANSI_1252
  9
$LASTSAVEDBY
  1
ezdxf
  9
$REQUIREDVERSIONS
160
0
  9
$INSBASE
 10
0.0
 20
0.0
 30
0.0
  9
$EXTMIN
 10
1e+20
 20
1e+20
 30
1e+20
  9
$EXTMAX
 10
-1e+20
 20
-1e+20
 30
-1e+20
  9
$LIMMIN
 10
0.0
 20
0.0
  9
$LIMMAX
 10
420.0
 20
297.0
  9
$ORTHOMODE
 70
0
  9
$REGENMODE
 70
1
  9
$FILLMODE
 70
1
  9
$QTEXTMODE
 70
0
  9
$MIRRTEXT
 70
1
  9
$LTSCALE
 40
1.0
  9
$ATTMODE
 70
1
  9
$TEXTSIZE
 40
2.5
  9
$TRACEWID
 40
1.0
  9
$TEXTSTYLE
  7
OpenSans
  9
$CLAYER
  8
0
  9
$CELTYPE
  6
ByLayer
  9
$CECOLOR
 62
256
  9
$CELTSCALE
 40
1.0
  9
$DISPSILH
 70
0
  9
$DIMSCALE
 40
1.0
  9
$DIMASZ
 40
0.175
  9
$DIMEXO
 40
0.125
  9
$DIMDLI
 40
3.75
  9
$DIMRND
 40
0.0
  9
$DIMDLE
 40
0.0
  9
$DIMEXE
 40
0.375
  9
$DIMTP
 40
0.0
  9
$DIMTM
 40
0.0
  9
$DIMTXT
 40
0.25
  9
$DIMCEN
 40
2.5
  9
$DIMTSZ
 40
0.0
  9
$DIMTOL
 70
0
  9
$DIMLIM
 70
0
  9
$DIMTIH
 70
0
  9
$DIMTOH
 70
0
  9
$DIMSE1
 70
0
  9
$DIMSE2
 70
0
  9
$DIMTAD
 70
1
  9
$DIMZIN
 70
12
  9
$DIMBLK
  1
ARCHTICK
  9
$DIMASO
 70
1
  9
$DIMSHO
 70
1
  9
$DIMPOST
  1

  9
$DIMAPOST
  1

  9
$DIMALT
 70
0
  9
$DIMALTD
 70
3
  9
$DIMALTF
 40
0.03937007874
  9
$DIMLFAC
 40
100.0
  9
$DIMTOFL
 70
1
  9
$DIMTVP
 40
0.0
  9
$DIMTIX
 70
0
  9
$DIMSOXD
 70
0
  9
$DIMSAH
 70
0
  9
$DIMBLK1
  1

  9
$DIMBLK2
  1

  9
$DIMSTYLE
  2
EZDXF
  9
$DIMCLRD
 70
0
  9
$DIMCLRE
 70
0
  9
$DIMCLRT
 70
0
  9
$DIMTFAC
 40
0.5
  9
$DIMGAP
 40
0.1
  9
$DIMJUST
 70
0
  9
$DIMSD1
 70
0
  9
$DIMSD2
 70
0
  9
$DIMTOLJ
 70
0
  9
$DIMTZIN
 70
8
  9
$DIMALTZ
 70
0
  9
$DIMALTTZ
 70
0
  9
$DIMUPT
 70
1
  9
$DIMDEC
 70
2
  9
$DIMTDEC
 70
2
  9
$DIMALTU
 70
2
  9
$DIMALTTD
 70
3
  9
$DIMTXSTY
  7
OpenSansCondensed-Light
  9
$DIMAUNIT
 70
0
  9
$DIMADEC
 70
2
  9
$DIMALTRND
 40
0.0
  9
$DIMAZIN
 70
3
  9
$DIMDSEP
 70
46
  9
$DIMATFIT
 70
3
  9
$DIMFRAC
 70
0
  9
$DIMLDRBLK
  1

  9
$DIMLUNIT
 70
2
  9
$DIMLWD
 70
-2
  9
$DIMLWE
 70
-2
  9
$DIMTMOVE
 70
2
  9
$DIMFXL
 40
1.0
  9
$DIMFXLON
 70
0
  9
$DIMJOGANG
 40
0.785398163397
  9
$DIMTFILL
 70
0
  9
$DIMTFILLCLR
 70
0
  9
$DIMARCSYM
 70
0
  9
$DIMLTYPE
  6

  9
$DIMLTEX1
  6

  9
$DIMLTEX2
  6

  9
$DIMTXTDIRECTION
 70
0
  9
$LUNITS
 70
2
  9
$LUPREC
 70
3
  9
$SKETCHINC
 40
1.0
  9
$FILLETRAD
 40
10.0
  9
$AUNITS
 70
0
  9
$AUPREC
 70
2
  9
$MENU
  1
.
  9
$ELEVATION
 40
0.0
  9
$PELEVATION
 40
0.0
  9
$THICKNESS
 40
0.0
  9
$LIMCHECK
 70
0
  9
$CHAMFERA
 40
0.0
  9
$CHAMFERB
 40
0.0
  9
$CHAMFERC
 40
0.0
  9
$CHAMFERD
 40
0.0
  9
$SKPOLY
 70
0
  9
$TDCREATE
 40
2461316.2295833332
  9
$TDUCREATE
 40
2458532.153996898
  9
$TDUPDATE
 40
2461316.2295949073
  9
$TDUUPDATE
 40
2458532.1544311
  9
$TDINDWG
 40
0.0
  9
$TDUSRTIMER
 40
0.0
  9
$USRTIMER
 70
1
  9
$ANGBASE
 50
0.0
  9
$ANGDIR
 70
0
  9
$PDMODE
 70
0
  9
$PDSIZE
 40
0.0
  9
$PLINEWID
 40
0.0
  9
$SPLFRAME
 70
0
  9
$SPLINETYPE
 70
6
  9
$SPLINESEGS
 70
8
  9
$HANDSEED
  5
4E3
  9
$SURFTAB1
 70
6
  9
$SURFTAB2
 70
6
  9
$SURFTYPE
 70
6
  9
$SURFU
 70
6
  9
$SURFV
 70
6
  9
$UCSBASE
  2

  9
$UCSNAME
  2

  9
$UCSORG
 10
0.0
 20
0.0
 30
0.0
  9
$UCSXDIR
 10
1.0
 20
0.0
 30
0.0
  9
$UCSYDIR
 10
0.0
 20
1.0
 30
0.0
  9
$UCSORTHOREF
  2

  9
$UCSORTHOVIEW
 70
0
  9
$UCSORGTOP
 10
0.0
 20
0.0
 30
0.0
  9
$UCSORGBOTTOM
 10
0.0
 20
0.0
 30
0.0
  9
$UCSORGLEFT
 10
0.0
 20
0.0
 30
0.0
  9
$UCSORGRIGHT
 10
0.0
 20
0.0
 30
0.0
  9
$UCSORGFRONT
 10
0.0
 20
0.0
 30
0.0
  9
$UCSORGBACK
 10
0.0
 20
0.0
 30
0.0
  9
$PUCSBASE
  2

  9
$PUCSNAME
  2

  9
$PUCSORG
 10
0.0
 20
0.0
 30
0.0
  9
$PUCSXDIR
 10
1.0
 20
0.0
 30
0.0
  9
$PUCSYDIR
 10
0.0
 20
1.0
 30
0.0
  9
$PUCSORTHOREF
  2

  9
$PUCSORTHOVIEW
 70
0
  9
$PUCSORGTOP
 10
0.0
 20
0.0
 30
0.0
  9
$PUCSORGBOTTOM
 10
0.0
 20
0.0
 30
0.0
  9
$PUCSORGLEFT
 10
0.0
 20
0.0
 30
0.0
  9
$PUCSORGRIGHT
 10
0.0
 20
0.0
 30
0.0
  9
$PUCSORGFRONT
 10
0.0
 20
0.0
 30
0.0
  9
$PUCSORGBACK
 10
0.0
 20
0.0
 30
0.0
  9
$USERI1
 70
0
  9
$USERI2
 70
0
  9
$USERI3
 70
0
  9
$USERI4
 70
0
  9
$USERI5
 70
0
  9
$USERR1
 40
0.0
  9
$USERR2
 40
0.0
  9
$USERR3
 40
0.0
  9
$USERR4
 40
0.0
  9
$USERR5
 40
0.0
  9
$WORLDVIEW
 70
1
  9
$SHADEDGE
 70
3
  9
$SHADEDIF
 70
70
  9
$TILEMODE
 70
1
  9
$MAXACTVP
 70
64
  9
$PINSBASE
 10
0.0
 20
0.0
 30
0.0
  9
$PLIMCHECK
 70
0
  9
$PEXTMIN
 10
1e+20
 20
1e+20
 30
1e+20
  9
$PEXTMAX
 10
-1e+20
 20
-1e+20
 30
-1e+20
  9
$PLIMMIN
 10
0.0
 20
0.0
  9
$PLIMMAX
 10
420.0
 20
297.0
  9
$UNITMODE
 70
0
  9
$VISRETAIN
 70
1
  9
$PLINEGEN
 70
0
  9
$PSLTSCALE
 70
1
  9
$TREEDEPTH
 70
3020
  9
$CMLSTYLE
  2
Standard
  9
$CMLJUST
 70
0
  9
$CMLSCALE
 40
20.0
  9
$PROXYGRAPHICS
 70
1
  9
$MEASUREMENT
 70
0
  9
$CELWEIGHT
370
-1
  9
$ENDCAPS
280
0
  9
$JOINSTYLE
280
0
  9
$LWDISPLAY
290
0
  9
$INSUNITS
 70
21
  9
$HYPERLINKBASE
  1

  9
$STYLESHEET
  1

  9
$XEDIT
290
1
  9
$CEPSNTYPE
380
0
  9
$PSTYLEMODE
290
1
  9
$FINGERPRINTGUID
  2
{1D3416B2-3037-4341-9C6F-2F7A062B3A12}
  9
$VERSIONGUID
  2
{740EDE8D-54BD-4D43-8790-90F2A24097A7}
  9
$EXTNAMES
290
1
  9
$PSVPSCALE
 40
0.0
  9
$OLESTARTUP
290
0
  9
$SORTENTS
280
127
  9
$INDEXCTL
280
0
  9
$HIDETEXT
280
1
  9
$XCLIPFRAME
280
1
  9
$HALOGAP
280
0
  9
$OBSCOLOR
 70
257
  9
$OBSLTYPE
280
0
  9
$INTERSECTIONDISPLAY
280
0
  9
$INTERSECTIONCOLOR
 70
257
  9
$DIMASSOC
280
2
  9
$PROJECTNAME
  1

  9
$CAMERADISPLAY
290
0
  9
$LENSLENGTH
 40
50.0
  9
$CAMERAHEIGHT
 40
0.0
  9
$STEPSPERSEC
 40
24.0
  9
$STEPSIZE
 40
100.0
  9
$3DDWFPREC
 40
2.0
  9
$PSOLWIDTH
 40
0.005
  9
$PSOLHEIGHT
 40
0.08
  9
$LOFTANG1
 40
1.570796326795
  9
$LOFTANG2
 40
1.570796326795
  9
$LOFTMAG1
 40
0.0
  9
$LOFTMAG2
 40
0.0
  9
$LOFTPARAM
 70
7
  9
$LOFTNORMALS
280
1
  9
$LATITUDE
 40
37.795
  9
$LONGITUDE
 40
-122.394
  9
$NORTHDIRECTION
 40
0.0
  9
$TIMEZONE
 70
-8000
  9
$LIGHTGLYPHDISPLAY
280
1
  9
$TILEMODELIGHTSYNCH
280
1
  9
$CMATERIAL
347
20
  9
$SOLIDHIST
280
0
  9
$SHOWHIST
280
1
  9
$DWFFRAME
280
2
  9
$DGNFRAME
280
2
  9
$REALWORLDSCALE
290
1
  9
$INTERFERECOLOR
 62
256
  9
$CSHADOW
280
0
  9
$SHADOWPLANELOCATION
 40
0.0
  0
ENDSEC
  0
SECTION
  2
CLASSES
  0
CLASS
  1
ACDBDICTIONARYWDFLT
  2
AcDbDictionaryWithDefault
  3
ObjectDBX Classes
 90
0
 91
0
280
0
281
0
  0
CLASS
  1
SUN
  2
AcDbSun
  3
SCENEOE
 90
1153
 91
0
280
0
281
0
  0
CLASS
  1
VISUALSTYLE
  2
AcDbVisualStyle
  3
ObjectDBX Classes
 90
4095
 91
0
280
0
281
0
  0
CLASS
  1
MATERIAL
  2
AcDbMaterial
  3
ObjectDBX Classes
 90
1153
 91
0
280
0
281
0
  0
CLASS
  1
SCALE
  2
AcDbScale
  3
ObjectDBX Classes
 90
1153
 91
0
280
0
281
0
  0
CLASS
  1
TABLESTYLE
  2
AcDbTableStyle
  3
ObjectDBX Classes
 90
4095
 91
0
280
0
281
0
  0
CLASS
  1
MLEADERSTYLE
  2
AcDbMLeaderStyle
  3
ACDB_MLEADERSTYLE_CLASS
 90
4095
 91
0
280
0
281
0
  0
CLASS
  1
DICTIONARYVAR
  2
AcDbDictionaryVar
  3
ObjectDBX Classes
 90
0
 91
0
280
0
281
0
  0
CLASS
  1
CELLSTYLEMAP
  2
AcDbCellStyleMap
  3
ObjectDBX Classes
 90
1152
 91
0
280
0
281
0
  0
CLASS
  1
MENTALRAYRENDERSETTINGS
  2
AcDbMentalRayRenderSettings
  3
SCENEOE
 90
1024
 91
0
280
0
281
0
  0
CLASS
  1
ACDBDETAILVIEWSTYLE
  2
AcDbDetailViewStyle
  3
ObjectDBX Classes
 90
1025
 91
0
280
0
281
0
  0
CLASS
  1
ACDBSECTIONVIEWSTYLE
  2
AcDbSectionViewStyle
  3
ObjectDBX Classes
 90
1025
 91
0
280
0
281
0
  0
CLASS
  1
RASTERVARIABLES
  2
AcDbRasterVariables
  3
ISM
 90
0
 91
0
280
0
281
0
  0
CLASS
  1
ACDBPLACEHOLDER
  2
AcDbPlaceHolder
  3
ObjectDBX Classes
 90
0
 91
0
280
0
281
0
  0
CLASS
  1
LAYOUT
  2
AcDbLayout
  3
ObjectDBX Classes
 90
0
 91
0
280
0
281
0
  0
ENDSEC
  0
SECTION
  2
TABLES
  0
TABLE
  2
VPORT
  5
8
330
0
100
AcDbSymbolTable
 70
1
  0
VPORT
  5
4DF
330
8
100
AcDbSymbolTableRecord
100
AcDbViewportTableRecord
  2
*Active
 70
0
 10
0.0
 20
0.0
 11
1.0
 21
1.0
 12
2552918.3995981244
 22
6967178.40383623
 13
0.0
 23
0.0
 14
0.5
 24
0.5
 15
0.5
 25
0.5
 16
0.0
 26
0.0
 36
1.0
 17
0.0
 27
0.0
 37
0.0
 40
344.5923275416717
 41
1.34
 42
50.0
 43
0.0
 44
0.0
 50
0.0
 51
0.0
 71
0
 72
1000
 73
1
 74
3
 75
0
 76
0
 77
0
 78
0
281
0
 65
1
110
0.0
120
0.0
130
0.0
111
1.0
121
0.0
131
0.0
112
0.0
122
1.0
132
0.0
 79
0
146
0.0
  0
ENDTAB
  0
TABLE
  2
LTYPE
  5
2
330
0
100
AcDbSymbolTable
 70
21
  0
LTYPE
  5
24
330
2
100
AcDbSymbolTableRecord
100
AcDbLinetypeTableRecord
  2
ByBlock
 70
0
  3

 72
65
 73
0
 40
0.0
  0
LTYPE
  5
25
330
2
100
AcDbSymbolTableRecord
100
AcDbLinetypeTableRecord
  2
ByLayer
 70
0
  3

 72
65
 73
0
 40
0.0
  0
LTYPE
  5
26
330
2
100
AcDbSymbolTableRecord
100
AcDbLinetypeTableRecord
  2
Continuous
 70
0
  3

 72
65
 73
0
 40
0.0
  0
LTYPE
  5
2F
330
2
100
AcDbSymbolTableRecord
100
AcDbLinetypeTableRecord
  2
CENTER
 70
0
  3
Center ____ _ ____ _ ____ _ ____ _ ____ _ ____
 72
65
 73
4
 40
5.08
 49
3.175
 74
0
 49
-0.635
 74
0
 49
0.635
 74
0
 49
-0.635
 74
0
  0
LTYPE
  5
30
330
2
100
AcDbSymbolTableRecord
100
AcDbLinetypeTableRecord
  2
CENTERX2
 70
0
  3
Center (2x) ________  __  ________  __  ________
 72
65
 73
4
 40
8.89
 49
6.35
 74
0
 49
-0.635
 74
0
 49
1.27
 74
0
 49
-0.635
 74
0
  0
LTYPE
  5
31
330
2
100
AcDbSymbolTableRecord
100
AcDbLinetypeTableRecord
  2
CENTER2
 70
0
  3
Center (.5x) ____ _ ____ _ ____ _ ____ _ ____
 72
65
 73
4
 40
2.54
 49
1.587
 74
0
 49
-0.318
 74
0
 49
0.318
 74
0
 49
-0.318
 74
0
  0
LTYPE
  5
32
330
2
100
AcDbSymbolTableRecord
100
AcDbLinetypeTableRecord
  2
DASHED
 70
0
  3
Dashed __ __ __ __ __ __ __ __ __ __ __ __ __ _
 72
65
 73
2
 40
1.524
 49
1.27
 74
0
 49
-0.254
 74
0
  0
LTYPE
  5
33
330
2
100
AcDbSymbolTableRecord
100
AcDbLinetypeTableRecord
  2
DASHEDX2
 70
0
  3
Dashed (2x) ____  ____  ____  ____  ____  ____
 72
65
 73
2
 40
3.048
 49
2.54
 74
0
 49
-0.508
 74
0
  0
LTYPE
  5
34
330
2
100
AcDbSymbolTableRecord
100
AcDbLinetypeTableRecord
  2
DASHED2
 70
0
  3
Dashed (.5x) _ _ _ _ _ _ _ _ _ _ _ _ _ _
 72
65
 73
2
 40
0.762
 49
0.635
 74
0
 49
-0.127
 74
0
  0
LTYPE
  5
35
330
2
100
AcDbSymbolTableRecord
100
AcDbLinetypeTableRecord
  2
PHANTOM
 70
0
  3
Phantom ______  __  __  ______  __  __  ______
 72
65
 73
6
 40
6.35
 49
3.175
 74
0
 49
-0.635
 74
0
 49
0.635
 74
0
 49
-0.635
 74
0
 49
0.635
 74
0
 49
-0.635
 74
0
  0
LTYPE
  5
36
330
2
100
AcDbSymbolTableRecord
100
AcDbLinetypeTableRecord
  2
PHANTOMX2
 70
0
  3
Phantom (2x)____________    ____    ____    ____________
 72
65
 73
6
 40
10.795
 49
6.35
 74
0
 49
-0.635
 74
0
 49
1.27
 74
0
 49
-0.635
 74
0
 49
1.27
 74
0
 49
-0.635
 74
0
  0
LTYPE
  5
37
330
2
100
AcDbSymbolTableRecord
100
AcDbLinetypeTableRecord
  2
PHANTOM2
 70
0
  3
Phantom (.5x) ___ _ _ ___ _ _ ___ _ _ ___ _ _ ___
 72
65
 73
6
 40
3.175
 49
1.587
 74
0
 49
-0.318
 74
0
 49
0.318
 74
0
 49
-0.318
 74
0
 49
0.318
 74
0
 49
-0.318
 74
0
  0
LTYPE
  5
38
330
2
100
AcDbSymbolTableRecord
100
AcDbLinetypeTableRecord
  2
DASHDOT
 70
0
  3
Dash dot __ . __ . __ . __ . __ . __ . __ . __
 72
65
 73
4
 40
3.556
 49
2.54
 74
0
 49
-0.508
 74
0
 49
0.0
 74
0
 49
-0.508
 74
0
  0
LTYPE
  5
39
330
2
100
AcDbSymbolTableRecord
100
AcDbLinetypeTableRecord
  2
DASHDOTX2
 70
0
  3
Dash dot (2x) ____  .  ____  .  ____  .  ____
 72
65
 73
4
 40
6.096
 49
5.08
 74
0
 49
-0.508
 74
0
 49
0.0
 74
0
 49
-0.508
 74
0
  0
LTYPE
  5
3A
330
2
100
AcDbSymbolTableRecord
100
AcDbLinetypeTableRecord
  2
DASHDOT2
 70
0
  3
Dash dot (.5x) _ . _ . _ . _ . _ . _ . _ . _
 72
65
 73
4
 40
1.778
 49
1.27
 74
0
 49
-0.254
 74
0
 49
0.0
 74
0
 49
-0.254
 74
0
  0
LTYPE
  5
3B
330
2
100
AcDbSymbolTableRecord
100
AcDbLinetypeTableRecord
  2
DOT
 70
0
  3
Dot .  .  .  .  .  .  .  .  .  .  .  .  .  .  .  .
 72
65
 73
2
 40
0.508
 49
0.0
 74
0
 49
-0.508
 74
0
  0
LTYPE
  5
3C
330
2
100
AcDbSymbolTableRecord
100
AcDbLinetypeTableRecord
  2
DOTX2
 70
0
  3
Dot (2x) .    .    .    .    .    .    .    . 
 72
65
 73
2
 40
1.016
 49
0.0
 74
0
 49
-1.016
 74
0
  0
LTYPE
  5
3D
330
2
100
AcDbSymbolTableRecord
100
AcDbLinetypeTableRecord
  2
DOT2
 70
0
  3
Dot (.5) . . . . . . . . . . . . . . . . . . . 
 72
65
 73
2
 40
0.254
 49
0.0
 74
0
 49
-0.254
 74
0
  0
LTYPE
  5
3E
330
2
100
AcDbSymbolTableRecord
100
AcDbLinetypeTableRecord
  2
DIVIDE
 70
0
  3
Divide __ . . __ . . __ . . __ . . __ . . __
 72
65
 73
6
 40
4.064
 49
2.54
 74
0
 49
-0.508
 74
0
 49
0.0
 74
0
 49
-0.508
 74
0
 49
0.0
 74
0
 49
-0.508
 74
0
  0
LTYPE
  5
3F
330
2
100
AcDbSymbolTableRecord
100
AcDbLinetypeTableRecord
  2
DIVIDEX2
 70
0
  3
Divide (2x) ____  . .  ____  . .  ____  . .  ____
 72
65
 73
6
 40
6.604
 49
5.08
 74
0
 49
-0.508
 74
0
 49
0.0
 74
0
 49
-0.508
 74
0
 49
0.0
 74
0
 49
-0.508
 74
0
  0
LTYPE
  5
40
330
2
100
AcDbSymbolTableRecord
100
AcDbLinetypeTableRecord
  2
DIVIDE2
 70
0
  3
Divide(.5x) _ . _ . _ . _ . _ . _ . _ . _
 72
65
 73
6
 40
2.032
 49
1.27
 74
0
 49
-0.254
 74
0
 49
0.0
 74
0
 49
-0.254
 74
0
 49
0.0
 74
0
 49
-0.254
 74
0
  0
ENDTAB
  0
TABLE
  2
LAYER
  5
1
330
0
100
AcDbSymbolTable
 70
20
  0
LAYER
  5
27
330
1
100
AcDbSymbolTableRecord
100
AcDbLayerTableRecord
  2
0
 70
0
 62
7
  6
Continuous
370
-3
390
13
347
21
  0
LAYER
  5
28
330
1
100
AcDbSymbolTableRecord
100
AcDbLayerTableRecord
  2
Defpoints
 70
0
 62
7
  6
Continuous
290
0
370
-3
390
13
347
21
  0
LAYER
  5
8A
330
1
100
AcDbSymbolTableRecord
100
AcDbLayerTableRecord
  2
ROAD-EP
 70
0
 62
2
420
16776960
  6
CONTINUOUS
370
-3
390
13
347
21
  0
LAYER
  5
8C
330
1
100
AcDbSymbolTableRecord
100
AcDbLayerTableRecord
  2
PT-NUMBER
 70
0
 62
7
420
16777215
  6
CONTINUOUS
370
-3
390
13
347
21
  0
LAYER
  5
8E
330
1
100
AcDbSymbolTableRecord
100
AcDbLayerTableRecord
  2
PT-ELEV
 70
0
 62
4
420
65535
  6
CONTINUOUS
370
-3
390
13
347
21
  0
LAYER
  5
90
330
1
100
AcDbSymbolTableRecord
100
AcDbLayerTableRecord
  2
PT-DESC
 70
0
 62
3
420
65280
  6
CONTINUOUS
370
-3
390
13
347
21
  0
LAYER
  5
172
330
1
100
AcDbSymbolTableRecord
100
AcDbLayerTableRecord
  2
ROAD-CL
 70
0
 62
6
420
16711935
  6
CENTER
370
-3
390
13
347
21
  0
LAYER
  5
1CB
330
1
100
AcDbSymbolTableRecord
100
AcDbLayerTableRecord
  2
ROAD-SIDEWALK
 70
0
 62
9
420
12500670
  6
CONTINUOUS
370
-3
390
13
347
21
  0
LAYER
  5
1F0
330
1
100
AcDbSymbolTableRecord
100
AcDbLayerTableRecord
  2
BNDY-PL
 70
0
 62
7
420
16777215
  6
PHANTOM
370
-3
390
13
347
21
  0
LAYER
  5
201
330
1
100
AcDbSymbolTableRecord
100
AcDbLayerTableRecord
  2
SITE-FENCE
 70
0
 62
91
420
9240460
  6
DASHDOT
370
-3
390
13
347
21
  0
LAYER
  5
21E
330
1
100
AcDbSymbolTableRecord
100
AcDbLayerTableRecord
  2
STRUCT-BLDG
 70
0
 62
30
420
16744448
  6
CONTINUOUS
370
-3
390
13
347
21
  0
LAYER
  5
22F
330
1
100
AcDbSymbolTableRecord
100
AcDbLayerTableRecord
  2
STRUCT-FFE
 70
0
 62
30
420
16744448
  6
CONTINUOUS
370
-3
390
13
347
21
  0
LAYER
  5
24C
330
1
100
AcDbSymbolTableRecord
100
AcDbLayerTableRecord
  2
UTIL-MH
 70
0
 62
4
420
65535
  6
CONTINUOUS
370
-3
390
13
347
21
  0
LAYER
  5
251
330
1
100
AcDbSymbolTableRecord
100
AcDbLayerTableRecord
  2
UTIL-SS
 70
0
 62
3
420
56320
  6
CONTINUOUS
370
-3
390
13
347
21
  0
LAYER
  5
256
330
1
100
AcDbSymbolTableRecord
100
AcDbLayerTableRecord
  2
UTIL-WATER
 70
0
 62
171
420
5278975
  6
CONTINUOUS
370
-3
390
13
347
21
  0
LAYER
  5
25B
330
1
100
AcDbSymbolTableRecord
100
AcDbLayerTableRecord
  2
UTIL-POWER
 70
0
 62
211
420
16737535
  6
CONTINUOUS
370
-3
390
13
347
21
  0
LAYER
  5
264
330
1
100
AcDbSymbolTableRecord
100
AcDbLayerTableRecord
  2
SITE-SIGN
 70
0
 62
51
420
16777080
  6
CONTINUOUS
370
-3
390
13
347
21
  0
LAYER
  5
269
330
1
100
AcDbSymbolTableRecord
100
AcDbLayerTableRecord
  2
VEG-TREE
 70
0
 62
102
420
2672700
  6
CONTINUOUS
370
-3
390
13
347
21
  0
LAYER
  5
27E
330
1
100
AcDbSymbolTableRecord
100
AcDbLayerTableRecord
  2
HYDRO-SWALE
 70
0
 62
120
420
56520
  6
CONTINUOUS
370
-3
390
13
347
21
  0
LAYER
  5
2AB
330
1
100
AcDbSymbolTableRecord
100
AcDbLayerTableRecord
  2
TOPO-GROUND
 70
0
 62
254
420
13158600
  6
CONTINUOUS
370
-3
390
13
347
21
  0
ENDTAB
  0
TABLE
  2
STYLE
  5
5
330
0
100
AcDbSymbolTable
 70
26
  0
STYLE
  5
29
330
5
100
AcDbSymbolTableRecord
100
AcDbTextStyleTableRecord
  2
Standard
 70
0
 40
0.0
 41
1.0
 50
0.0
 71
0
 42
2.5
  3
txt
  4

  0
STYLE
  5
41
330
5
100
AcDbSymbolTableRecord
100
AcDbTextStyleTableRecord
  2
OpenSans-Light
 70
0
 40
0.0
 41
1.0
 50
0.0
 71
0
 42
2.5
  3
OpenSans-Light.ttf
  4

  0
STYLE
  5
42
330
5
100
AcDbSymbolTableRecord
100
AcDbTextStyleTableRecord
  2
OpenSans-Light-Italic
 70
0
 40
0.0
 41
1.0
 50
0.0
 71
0
 42
2.5
  3
OpenSans-LightItalic.ttf
  4

  0
STYLE
  5
43
330
5
100
AcDbSymbolTableRecord
100
AcDbTextStyleTableRecord
  2
OpenSans
 70
0
 40
0.0
 41
1.0
 50
0.0
 71
0
 42
2.5
  3
OpenSans-Regular.ttf
  4

  0
STYLE
  5
44
330
5
100
AcDbSymbolTableRecord
100
AcDbTextStyleTableRecord
  2
OpenSans-Italic
 70
0
 40
0.0
 41
1.0
 50
0.0
 71
0
 42
2.5
  3
OpenSans-Italic.ttf
  4

  0
STYLE
  5
45
330
5
100
AcDbSymbolTableRecord
100
AcDbTextStyleTableRecord
  2
OpenSans-SemiBold
 70
0
 40
0.0
 41
1.0
 50
0.0
 71
0
 42
2.5
  3
OpenSans-SemiBold.ttf
  4

  0
STYLE
  5
46
330
5
100
AcDbSymbolTableRecord
100
AcDbTextStyleTableRecord
  2
OpenSans-SemiBoldItalic
 70
0
 40
0.0
 41
1.0
 50
0.0
 71
0
 42
2.5
  3
OpenSans-SemiBoldItalic.ttf
  4

  0
STYLE
  5
47
330
5
100
AcDbSymbolTableRecord
100
AcDbTextStyleTableRecord
  2
OpenSans-Bold
 70
0
 40
0.0
 41
1.0
 50
0.0
 71
0
 42
2.5
  3
OpenSans-Bold.ttf
  4

  0
STYLE
  5
48
330
5
100
AcDbSymbolTableRecord
100
AcDbTextStyleTableRecord
  2
OpenSans-BoldItalic
 70
0
 40
0.0
 41
1.0
 50
0.0
 71
0
 42
2.5
  3
OpenSans-BoldItalic.ttf
  4

  0
STYLE
  5
49
330
5
100
AcDbSymbolTableRecord
100
AcDbTextStyleTableRecord
  2
OpenSans-ExtraBold
 70
0
 40
0.0
 41
1.0
 50
0.0
 71
0
 42
2.5
  3
OpenSans-ExtraBold.ttf
  4

  0
STYLE
  5
4A
330
5
100
AcDbSymbolTableRecord
100
AcDbTextStyleTableRecord
  2
OpenSans-ExtraBoldItalic
 70
0
 40
0.0
 41
1.0
 50
0.0
 71
0
 42
2.5
  3
OpenSans-ExtraBoldItalic.ttf
  4

  0
STYLE
  5
4B
330
5
100
AcDbSymbolTableRecord
100
AcDbTextStyleTableRecord
  2
OpenSansCondensed-Bold
 70
0
 40
0.0
 41
1.0
 50
0.0
 71
0
 42
2.5
  3
OpenSansCondensed-Bold.ttf
  4

  0
STYLE
  5
4C
330
5
100
AcDbSymbolTableRecord
100
AcDbTextStyleTableRecord
  2
OpenSansCondensed-Light
 70
0
 40
0.0
 41
1.0
 50
0.0
 71
0
 42
2.5
  3
OpenSansCondensed-Light.ttf
  4

  0
STYLE
  5
4D
330
5
100
AcDbSymbolTableRecord
100
AcDbTextStyleTableRecord
  2
OpenSansCondensed-Italic
 70
0
 40
0.0
 41
1.0
 50
0.0
 71
0
 42
2.5
  3
OpenSansCondensed-LightItalic.ttf
  4

  0
STYLE
  5
4E
330
5
100
AcDbSymbolTableRecord
100
AcDbTextStyleTableRecord
  2
LiberationSans
 70
0
 40
0.0
 41
1.0
 50
0.0
 71
0
 42
2.5
  3
LiberationSans-Regular.ttf
  4

  0
STYLE
  5
4F
330
5
100
AcDbSymbolTableRecord
100
AcDbTextStyleTableRecord
  2
LiberationSans-Bold
 70
0
 40
0.0
 41
1.0
 50
0.0
 71
0
 42
2.5
  3
LiberationSans-Bold.ttf
  4

  0
STYLE
  5
50
330
5
100
AcDbSymbolTableRecord
100
AcDbTextStyleTableRecord
  2
LiberationSans-BoldItalic
 70
0
 40
0.0
 41
1.0
 50
0.0
 71
0
 42
2.5
  3
LiberationSans-BoldItalic.ttf
  4

  0
STYLE
  5
51
330
5
100
AcDbSymbolTableRecord
100
AcDbTextStyleTableRecord
  2
LiberationSans-Italic
 70
0
 40
0.0
 41
1.0
 50
0.0
 71
0
 42
2.5
  3
LiberationSans-Italic.ttf
  4

  0
STYLE
  5
52
330
5
100
AcDbSymbolTableRecord
100
AcDbTextStyleTableRecord
  2
LiberationSerif
 70
0
 40
0.0
 41
1.0
 50
0.0
 71
0
 42
2.5
  3
LiberationSerif-Regular.ttf
  4

  0
STYLE
  5
53
330
5
100
AcDbSymbolTableRecord
100
AcDbTextStyleTableRecord
  2
LiberationSerif-Bold
 70
0
 40
0.0
 41
1.0
 50
0.0
 71
0
 42
2.5
  3
LiberationSerif-Bold.ttf
  4

  0
STYLE
  5
54
330
5
100
AcDbSymbolTableRecord
100
AcDbTextStyleTableRecord
  2
LiberationSerif-BoldItalic
 70
0
 40
0.0
 41
1.0
 50
0.0
 71
0
 42
2.5
  3
LiberationSerif-BoldItalic.ttf
  4

  0
STYLE
  5
55
330
5
100
AcDbSymbolTableRecord
100
AcDbTextStyleTableRecord
  2
LiberationSerif-Italic
 70
0
 40
0.0
 41
1.0
 50
0.0
 71
0
 42
2.5
  3
LiberationSerif-Italic.ttf
  4

  0
STYLE
  5
56
330
5
100
AcDbSymbolTableRecord
100
AcDbTextStyleTableRecord
  2
LiberationMono
 70
0
 40
0.0
 41
1.0
 50
0.0
 71
0
 42
2.5
  3
LiberationMono-Regular.ttf
  4

  0
STYLE
  5
57
330
5
100
AcDbSymbolTableRecord
100
AcDbTextStyleTableRecord
  2
LiberationMono-Bold
 70
0
 40
0.0
 41
1.0
 50
0.0
 71
0
 42
2.5
  3
LiberationMono-Bold.ttf
  4

  0
STYLE
  5
58
330
5
100
AcDbSymbolTableRecord
100
AcDbTextStyleTableRecord
  2
LiberationMono-BoldItalic
 70
0
 40
0.0
 41
1.0
 50
0.0
 71
0
 42
2.5
  3
LiberationMono-BoldItalic.ttf
  4

  0
STYLE
  5
59
330
5
100
AcDbSymbolTableRecord
100
AcDbTextStyleTableRecord
  2
LiberationMono-Italic
 70
0
 40
0.0
 41
1.0
 50
0.0
 71
0
 42
2.5
  3
LiberationMono-Italic.ttf
  4

  0
ENDTAB
  0
TABLE
  2
VIEW
  5
7
330
0
100
AcDbSymbolTable
 70
0
  0
ENDTAB
  0
TABLE
  2
UCS
  5
6
330
0
100
AcDbSymbolTable
 70
0
  0
ENDTAB
  0
TABLE
  2
APPID
  5
3
330
0
100
AcDbSymbolTable
 70
3
  0
APPID
  5
2A
330
3
100
AcDbSymbolTableRecord
100
AcDbRegAppTableRecord
  2
ACAD
 70
0
  0
APPID
  5
4E0
330
3
100
AcDbSymbolTableRecord
100
AcDbRegAppTableRecord
  2
HATCHBACKGROUNDCOLOR
 70
0
  0
APPID
  5
4E1
330
3
100
AcDbSymbolTableRecord
100
AcDbRegAppTableRecord
  2
EZDXF
 70
0
  0
ENDTAB
  0
TABLE
  2
DIMSTYLE
  5
4
330
0
100
AcDbSymbolTable
 70
12
100
AcDbDimStyleTable
  0
DIMSTYLE
105
2B
330
4
100
AcDbSymbolTableRecord
100
AcDbDimStyleTableRecord
  2
Standard
 70
0
 40
1.0
 41
2.5
 42
0.625
 43
3.75
 44
1.25
 45
0.0
 46
0.0
 47
0.0
 48
0.0
 49
2.5
140
2.5
141
2.5
142
0.0
143
0.03937007874
144
1.0
145
0.0
146
1.0
147
0.625
148
0.0
 69
0
 70
0
 71
0
 72
0
 73
0
 74
0
 75
0
 76
0
 77
1
 78
8
 79
3
170
0
171
3
172
1
173
0
174
0
175
0
176
0
177
0
178
0
179
2
271
2
272
2
273
2
274
3
275
0
276
0
277
2
278
44
279
0
280
0
281
0
282
0
283
0
284
8
285
0
286
0
288
0
289
3
290
0
371
-2
372
-2
  0
DIMSTYLE
105
73
330
4
100
AcDbSymbolTableRecord
100
AcDbDimStyleTableRecord
  2
EZDXF
 70
0
 40
1.0
 41
0.175
 42
0.125
 43
3.75
 44
0.375
 45
0.0
 46
0.0
 47
0.0
 48
0.0
 49
2.5
140
0.25
141
2.5
142
0.0
143
0.03937007874
144
100.0
145
0.0
146
0.5
147
0.1
148
0.0
 69
0
 70
0
 71
0
 72
0
 73
0
 74
0
 75
0
 76
0
 77
1
 78
12
 79
3
170
0
171
3
172
1
173
0
174
0
175
0
176
0
177
0
178
0
179
2
271
2
272
2
273
2
274
3
275
0
276
0
277
2
278
46
279
2
280
0
281
0
282
0
283
0
284
8
285
0
286
0
288
1
289
3
290
0
340
4C
342
74
371
-2
372
-2
  0
DIMSTYLE
105
7C
330
4
100
AcDbSymbolTableRecord
100
AcDbDimStyleTableRecord
  2
EZ_M_100_H25_CM
 70
0
 40
1.0
 41
0.25
 42
0.125
 43
3.75
 44
0.375
 45
0.0
 46
0.0
 47
0.0
 48
0.0
 49
2.5
140
0.25
141
2.5
142
0.125
143
0.03937007874
144
100.0
145
0.0
146
0.5
147
0.1
148
0.0
 69
0
 70
0
 71
0
 72
0
 73
0
 74
0
 75
0
 76
0
 77
1
 78
12
 79
3
170
0
171
3
172
1
173
0
174
0
175
0
176
0
177
0
178
0
179
2
271
2
272
2
273
2
274
3
275
0
276
0
277
2
278
46
279
2
280
0
281
0
282
0
283
0
284
8
285
0
286
0
288
1
289
3
290
0
340
4C
371
-2
372
-2
  0
DIMSTYLE
105
7D
330
4
100
AcDbSymbolTableRecord
100
AcDbDimStyleTableRecord
  2
EZ_M_50_H25_CM
 70
0
 40
1.0
 41
0.125
 42
0.0625
 43
3.75
 44
0.1875
 45
0.0
 46
0.0
 47
0.0
 48
0.0
 49
2.5
140
0.125
141
2.5
142
0.0625
143
0.03937007874
144
100.0
145
0.0
146
0.5
147
0.05
148
0.0
 69
0
 70
0
 71
0
 72
0
 73
0
 74
0
 75
0
 76
0
 77
1
 78
12
 79
3
170
0
171
3
172
1
173
0
174
0
175
0
176
0
177
0
178
0
179
2
271
2
272
2
273
2
274
3
275
0
276
0
277
2
278
46
279
2
280
0
281
0
282
0
283
0
284
8
285
0
286
0
288
1
289
3
290
0
340
4C
371
-2
372
-2
  0
DIMSTYLE
105
7E
330
4
100
AcDbSymbolTableRecord
100
AcDbDimStyleTableRecord
  2
EZ_M_25_H25_CM
 70
0
 40
1.0
 41
0.0625
 42
0.03125
 43
3.75
 44
0.09375
 45
0.0
 46
0.0
 47
0.0
 48
0.0
 49
2.5
140
0.0625
141
2.5
142
0.03125
143
0.03937007874
144
100.0
145
0.0
146
0.5
147
0.025
148
0.0
 69
0
 70
0
 71
0
 72
0
 73
0
 74
0
 75
0
 76
0
 77
1
 78
12
 79
3
170
0
171
3
172
1
173
0
174
0
175
0
176
0
177
0
178
0
179
2
271
2
272
2
273
2
274
3
275
0
276
0
277
2
278
46
279
2
280
0
281
0
282
0
283
0
284
8
285
0
286
0
288
1
289
3
290
0
340
4C
371
-2
372
-2
  0
DIMSTYLE
105
7F
330
4
100
AcDbSymbolTableRecord
100
AcDbDimStyleTableRecord
  2
EZ_M_20_H25_CM
 70
0
 40
1.0
 41
0.05
 42
0.025
 43
3.75
 44
0.07500000000000001
 45
0.0
 46
0.0
 47
0.0
 48
0.0
 49
2.5
140
0.05
141
2.5
142
0.025
143
0.03937007874
144
100.0
145
0.0
146
0.5
147
0.020000000000000004
148
0.0
 69
0
 70
0
 71
0
 72
0
 73
0
 74
0
 75
0
 76
0
 77
1
 78
12
 79
3
170
0
171
3
172
1
173
0
174
0
175
0
176
0
177
0
178
0
179
2
271
2
272
2
273
2
274
3
275
0
276
0
277
2
278
46
279
2
280
0
281
0
282
0
283
0
284
8
285
0
286
0
288
1
289
3
290
0
340
4C
371
-2
372
-2
  0
DIMSTYLE
105
80
330
4
100
AcDbSymbolTableRecord
100
AcDbDimStyleTableRecord
  2
EZ_M_10_H25_CM
 70
0
 40
1.0
 41
0.025
 42
0.0125
 43
3.75
 44
0.037500000000000006
 45
0.0
 46
0.0
 47
0.0
 48
0.0
 49
2.5
140
0.025
141
2.5
142
0.0125
143
0.03937007874
144
100.0
145
0.0
146
0.5
147
0.010000000000000002
148
0.0
 69
0
 70
0
 71
0
 72
0
 73
0
 74
0
 75
0
 76
0
 77
1
 78
12
 79
3
170
0
171
3
172
1
173
0
174
0
175
0
176
0
177
0
178
0
179
2
271
2
272
2
273
2
274
3
275
0
276
0
277
2
278
46
279
2
280
0
281
0
282
0
283
0
284
8
285
0
286
0
288
1
289
3
290
0
340
4C
371
-2
372
-2
  0
DIMSTYLE
105
81
330
4
100
AcDbSymbolTableRecord
100
AcDbDimStyleTableRecord
  2
EZ_M_5_H25_CM
 70
0
 40
1.0
 41
0.0125
 42
0.00625
 43
3.75
 44
0.018750000000000003
 45
0.0
 46
0.0
 47
0.0
 48
0.0
 49
2.5
140
0.0125
141
2.5
142
0.00625
143
0.03937007874
144
100.0
145
0.0
146
0.5
147
0.005000000000000001
148
0.0
 69
0
 70
0
 71
0
 72
0
 73
0
 74
0
 75
0
 76
0
 77
1
 78
12
 79
3
170
0
171
3
172
1
173
0
174
0
175
0
176
0
177
0
178
0
179
2
271
2
272
2
273
2
274
3
275
0
276
0
277
2
278
46
279
2
280
0
281
0
282
0
283
0
284
8
285
0
286
0
288
1
289
3
290
0
340
4C
371
-2
372
-2
  0
DIMSTYLE
105
82
330
4
100
AcDbSymbolTableRecord
100
AcDbDimStyleTableRecord
  2
EZ_M_1_H25_CM
 70
0
 40
1.0
 41
0.0025
 42
0.00125
 43
3.75
 44
0.00375
 45
0.0
 46
0.0
 47
0.0
 48
0.0
 49
2.5
140
0.0025
141
2.5
142
0.00125
143
0.03937007874
144
100.0
145
0.0
146
0.5
147
0.001
148
0.0
 69
0
 70
0
 71
0
 72
0
 73
0
 74
0
 75
0
 76
0
 77
1
 78
12
 79
3
170
0
171
3
172
1
173
0
174
0
175
0
176
0
177
0
178
0
179
2
271
2
272
2
273
2
274
3
275
0
276
0
277
2
278
46
279
2
280
0
281
0
282
0
283
0
284
8
285
0
286
0
288
1
289
3
290
0
340
4C
371
-2
372
-2
  0
DIMSTYLE
105
83
330
4
100
AcDbSymbolTableRecord
100
AcDbDimStyleTableRecord
  2
EZ_RADIUS
 70
0
 40
1.0
 41
0.25
 42
0.125
 43
3.75
 44
0.375
 45
0.0
 46
0.0
 47
0.0
 48
0.0
 49
2.5
140
0.25
141
0.0
142
0.0
143
0.03937007874
144
100.0
145
0.0
146
0.5
147
0.1
148
0.0
 69
0
 70
0
 71
0
 72
0
 73
0
 74
0
 75
0
 76
0
 77
1
 78
12
 79
3
170
0
171
3
172
0
173
0
174
0
175
0
176
0
177
0
178
0
179
2
271
2
272
2
273
2
274
3
275
0
276
0
277
2
278
46
279
1
280
0
281
0
282
0
283
0
284
8
285
0
286
0
288
1
289
3
290
0
340
4C
342
84
371
-2
372
-2
  0
DIMSTYLE
105
88
330
4
100
AcDbSymbolTableRecord
100
AcDbDimStyleTableRecord
  2
EZ_RADIUS_INSIDE
 70
0
 40
1.0
 41
0.25
 42
0.125
 43
3.75
 44
0.375
 45
0.0
 46
0.0
 47
0.0
 48
0.0
 49
2.5
140
0.25
141
0.0
142
0.0
143
0.03937007874
144
100.0
145
0.0
146
0.5
147
0.1
148
0.0
 69
0
 70
0
 71
0
 72
0
 73
0
 74
0
 75
0
 76
0
 77
0
 78
12
 79
3
170
0
171
3
172
0
173
0
174
1
175
0
176
0
177
0
178
0
179
2
271
2
272
2
273
2
274
3
275
0
276
0
277
2
278
46
279
0
280
0
281
0
282
0
283
0
284
8
285
0
286
0
288
1
289
0
290
0
340
4C
342
84
371
-2
372
-2
  0
DIMSTYLE
105
89
330
4
100
AcDbSymbolTableRecord
100
AcDbDimStyleTableRecord
  2
EZ_CURVED
 70
0
 40
1.0
 41
0.25
 42
0.125
 43
3.75
 44
0.375
 45
0.0
 46
0.0
 47
0.0
 48
0.0
 49
2.5
140
0.25
141
2.5
142
0.0
143
0.03937007874
144
100.0
145
0.0
146
0.5
147
0.1
148
0.0
 69
0
 70
0
 71
0
 72
0
 73
0
 74
0
 75
0
 76
0
 77
1
 78
12
 79
2
 90
2
170
0
171
3
172
1
173
0
174
0
175
0
176
0
177
0
178
0
179
2
271
2
272
2
273
2
274
3
275
0
276
0
277
2
278
46
279
2
280
0
281
0
282
0
283
0
284
8
285
0
286
0
288
1
289
3
290
0
340
4C
371
-2
372
-2
  0
ENDTAB
  0
TABLE
  2
BLOCK_RECORD
  5
9
330
0
100
AcDbSymbolTable
 70
5
  0
BLOCK_RECORD
  5
17
330
9
100
AcDbSymbolTableRecord
100
AcDbBlockTableRecord
  2
*Model_Space
340
1A
 70
0
280
1
281
0
  0
BLOCK_RECORD
  5
1B
330
9
100
AcDbSymbolTableRecord
100
AcDbBlockTableRecord
  2
*Paper_Space
340
1E
 70
0
280
1
281
0
  0
BLOCK_RECORD
  5
74
330
9
100
AcDbSymbolTableRecord
100
AcDbBlockTableRecord
  2
_ARCHTICK
340
0
 70
0
280
1
281
0
  0
BLOCK_RECORD
  5
78
330
9
100
AcDbSymbolTableRecord
100
AcDbBlockTableRecord
  2
_CLOSEDFILLED
340
0
 70
0
280
1
281
0
  0
BLOCK_RECORD
  5
84
330
9
100
AcDbSymbolTableRecord
100
AcDbBlockTableRecord
  2
_CLOSEDBLANK
340
0
 70
0
280
1
281
0
  0
ENDTAB
  0
ENDSEC
  0
SECTION
  2
BLOCKS
  0
BLOCK
  5
18
330
17
100
AcDbEntity
  8
0
100
AcDbBlockBegin
  2
*Model_Space
 70
0
 10
0.0
 20
0.0
 30
0.0
  3
*Model_Space
  1

  0
ENDBLK
  5
19
330
17
100
AcDbEntity
  8
0
100
AcDbBlockEnd
  0
BLOCK
  5
1C
330
1B
100
AcDbEntity
  8
0
100
AcDbBlockBegin
  2
*Paper_Space
 70
0
 10
0.0
 20
0.0
 30
0.0
  3
*Paper_Space
  1

  0
ENDBLK
  5
1D
330
1B
100
AcDbEntity
  8
0
100
AcDbBlockEnd
  0
BLOCK
  5
75
330
74
100
AcDbEntity
  8
0
100
AcDbBlockBegin
  2
_ARCHTICK
 70
0
 10
0.0
 20
0.0
 30
0.0
  3
_ARCHTICK
  1

  0
LWPOLYLINE
  5
77
330
74
100
AcDbEntity
  8
0
  6
BYBLOCK
 62
0
100
AcDbPolyline
 90
2
 70
0
 43
0.15
 10
-0.5
 20
-0.5
 10
0.5
 20
0.5
  0
ENDBLK
  5
76
330
74
100
AcDbEntity
  8
0
100
AcDbBlockEnd
  0
BLOCK
  5
79
330
78
100
AcDbEntity
  8
0
100
AcDbBlockBegin
  2
_CLOSEDFILLED
 70
0
 10
0.0
 20
0.0
 30
0.0
  3
_CLOSEDFILLED
  1

  0
SOLID
  5
7B
330
78
100
AcDbEntity
  8
0
  6
BYBLOCK
 62
0
100
AcDbTrace
 10
-1.0
 20
0.16439898372402537
 30
0.0
 11
0.0
 21
0.0
 31
0.0
 12
-1.0
 22
-0.16439898372402537
 32
0.0
 13
-1.0
 23
-0.16439898372402537
 33
0.0
  0
ENDBLK
  5
7A
330
78
100
AcDbEntity
  8
0
100
AcDbBlockEnd
  0
BLOCK
  5
85
330
84
100
AcDbEntity
  8
0
100
AcDbBlockBegin
  2
_CLOSEDBLANK
 70
0
 10
0.0
 20
0.0
 30
0.0
  3
_CLOSEDBLANK
  1

  0
LWPOLYLINE
  5
87
330
84
100
AcDbEntity
  8
0
  6
BYBLOCK
 62
0
100
AcDbPolyline
 90
3
 70
1
 10
-1.0
 20
0.16439898372402537
 10
0.0
 20
0.0
 10
-1.0
 20
-0.16439898372402537
  0
ENDBLK
  5
86
330
84
100
AcDbEntity
  8
0
100
AcDbBlockEnd
  0
ENDSEC
  0
SECTION
  2
ENTITIES
  0
POINT
  5
8B
330
17
100
AcDbEntity
  8
ROAD-EP
100
AcDbPoint
 10
2552600.0
 20
6967028.0
 30
512.41
  0
TEXT
  5
8D
330
17
100
AcDbEntity
  8
PT-NUMBER
100
AcDbText
 10
2552602.4
 20
6967030.7
 30
0.0
 40
3.0
  1
1
 11
2552602.4
 21
6967030.7
 31
0.0
100
AcDbText
  0
TEXT
  5
8F
330
17
100
AcDbEntity
  8
PT-ELEV
100
AcDbText
 10
2552602.4
 20
6967027.25
 30
0.0
 40
3.0
  1
512.41
 11
2552602.4
 21
6967027.25
 31
0.0
100
AcDbText
  0
TEXT
  5
91
330
17
100
AcDbEntity
  8
PT-DESC
100
AcDbText
 10
2552602.4
 20
6967023.8
 30
0.0
 40
3.0
  1
EP1 B
 11
2552602.4
 21
6967023.8
 31
0.0
100
AcDbText
  0
POINT
  5
92
330
17
100
AcDbEntity
  8
ROAD-EP
100
AcDbPoint
 10
2552640.0
 20
6967028.0
 30
511.93
  0
TEXT
  5
93
330
17
100
AcDbEntity
  8
PT-NUMBER
100
AcDbText
 10
2552642.4
 20
6967030.7
 30
0.0
 40
3.0
  1
2
 11
2552642.4
 21
6967030.7
 31
0.0
100
AcDbText
  0
TEXT
  5
94
330
17
100
AcDbEntity
  8
PT-ELEV
100
AcDbText
 10
2552642.4
 20
6967027.25
 30
0.0
 40
3.0
  1
511.93
 11
2552642.4
 21
6967027.25
 31
0.0
100
AcDbText
  0
TEXT
  5
95
330
17
100
AcDbEntity
  8
PT-DESC
100
AcDbText
 10
2552642.4
 20
6967023.8
 30
0.0
 40
3.0
  1
EP1
 11
2552642.4
 21
6967023.8
 31
0.0
100
AcDbText
  0
POINT
  5
96
330
17
100
AcDbEntity
  8
ROAD-EP
100
AcDbPoint
 10
2552680.0
 20
6967028.0
 30
511.45
  0
TEXT
  5
97
330
17
100
AcDbEntity
  8
PT-NUMBER
100
AcDbText
 10
2552682.4
 20
6967030.7
 30
0.0
 40
3.0
  1
3
 11
2552682.4
 21
6967030.7
 31
0.0
100
AcDbText
  0
TEXT
  5
98
330
17
100
AcDbEntity
  8
PT-ELEV
100
AcDbText
 10
2552682.4
 20
6967027.25
 30
0.0
 40
3.0
  1
511.45
 11
2552682.4
 21
6967027.25
 31
0.0
100
AcDbText
  0
TEXT
  5
99
330
17
100
AcDbEntity
  8
PT-DESC
100
AcDbText
 10
2552682.4
 20
6967023.8
 30
0.0
 40
3.0
  1
EP1
 11
2552682.4
 21
6967023.8
 31
0.0
100
AcDbText
  0
POINT
  5
9A
330
17
100
AcDbEntity
  8
ROAD-EP
100
AcDbPoint
 10
2552720.0
 20
6967028.0
 30
510.98
  0
TEXT
  5
9B
330
17
100
AcDbEntity
  8
PT-NUMBER
100
AcDbText
 10
2552722.4
 20
6967030.7
 30
0.0
 40
3.0
  1
4
 11
2552722.4
 21
6967030.7
 31
0.0
100
AcDbText
  0
TEXT
  5
9C
330
17
100
AcDbEntity
  8
PT-ELEV
100
AcDbText
 10
2552722.4
 20
6967027.25
 30
0.0
 40
3.0
  1
510.98
 11
2552722.4
 21
6967027.25
 31
0.0
100
AcDbText
  0
TEXT
  5
9D
330
17
100
AcDbEntity
  8
PT-DESC
100
AcDbText
 10
2552722.4
 20
6967023.8
 30
0.0
 40
3.0
  1
EP1
 11
2552722.4
 21
6967023.8
 31
0.0
100
AcDbText
  0
POINT
  5
9E
330
17
100
AcDbEntity
  8
ROAD-EP
100
AcDbPoint
 10
2552760.0
 20
6967028.0
 30
510.52
  0
TEXT
  5
9F
330
17
100
AcDbEntity
  8
PT-NUMBER
100
AcDbText
 10
2552762.4
 20
6967030.7
 30
0.0
 40
3.0
  1
5
 11
2552762.4
 21
6967030.7
 31
0.0
100
AcDbText
  0
TEXT
  5
A0
330
17
100
AcDbEntity
  8
PT-ELEV
100
AcDbText
 10
2552762.4
 20
6967027.25
 30
0.0
 40
3.0
  1
510.52
 11
2552762.4
 21
6967027.25
 31
0.0
100
AcDbText
  0
TEXT
  5
A1
330
17
100
AcDbEntity
  8
PT-DESC
100
AcDbText
 10
2552762.4
 20
6967023.8
 30
0.0
 40
3.0
  1
EP1
 11
2552762.4
 21
6967023.8
 31
0.0
100
AcDbText
  0
POINT
  5
A2
330
17
100
AcDbEntity
  8
ROAD-EP
100
AcDbPoint
 10
2552800.0
 20
6967028.0
 30
510.11
  0
TEXT
  5
A3
330
17
100
AcDbEntity
  8
PT-NUMBER
100
AcDbText
 10
2552802.4
 20
6967030.7
 30
0.0
 40
3.0
  1
6
 11
2552802.4
 21
6967030.7
 31
0.0
100
AcDbText
  0
TEXT
  5
A4
330
17
100
AcDbEntity
  8
PT-ELEV
100
AcDbText
 10
2552802.4
 20
6967027.25
 30
0.0
 40
3.0
  1
510.11
 11
2552802.4
 21
6967027.25
 31
0.0
100
AcDbText
  0
TEXT
  5
A5
330
17
100
AcDbEntity
  8
PT-DESC
100
AcDbText
 10
2552802.4
 20
6967023.8
 30
0.0
 40
3.0
  1
EP1
 11
2552802.4
 21
6967023.8
 31
0.0
100
AcDbText
  0
POINT
  5
A6
330
17
100
AcDbEntity
  8
ROAD-EP
100
AcDbPoint
 10
2552840.0
 20
6967028.0
 30
509.81
  0
TEXT
  5
A7
330
17
100
AcDbEntity
  8
PT-NUMBER
100
AcDbText
 10
2552842.4
 20
6967030.7
 30
0.0
 40
3.0
  1
7
 11
2552842.4
 21
6967030.7
 31
0.0
100
AcDbText
  0
TEXT
  5
A8
330
17
100
AcDbEntity
  8
PT-ELEV
100
AcDbText
 10
2552842.4
 20
6967027.25
 30
0.0
 40
3.0
  1
509.81
 11
2552842.4
 21
6967027.25
 31
0.0
100
AcDbText
  0
TEXT
  5
A9
330
17
100
AcDbEntity
  8
PT-DESC
100
AcDbText
 10
2552842.4
 20
6967023.8
 30
0.0
 40
3.0
  1
EP1
 11
2552842.4
 21
6967023.8
 31
0.0
100
AcDbText
  0
POINT
  5
AA
330
17
100
AcDbEntity
  8
ROAD-EP
100
AcDbPoint
 10
2552880.0
 20
6967028.0
 30
509.68
  0
TEXT
  5
AB
330
17
100
AcDbEntity
  8
PT-NUMBER
100
AcDbText
 10
2552882.4
 20
6967030.7
 30
0.0
 40
3.0
  1
8
 11
2552882.4
 21
6967030.7
 31
0.0
100
AcDbText
  0
TEXT
  5
AC
330
17
100
AcDbEntity
  8
PT-ELEV
100
AcDbText
 10
2552882.4
 20
6967027.25
 30
0.0
 40
3.0
  1
509.68
 11
2552882.4
 21
6967027.25
 31
0.0
100
AcDbText
  0
TEXT
  5
AD
330
17
100
AcDbEntity
  8
PT-DESC
100
AcDbText
 10
2552882.4
 20
6967023.8
 30
0.0
 40
3.0
  1
EP1
 11
2552882.4
 21
6967023.8
 31
0.0
100
AcDbText
  0
POINT
  5
AE
330
17
100
AcDbEntity
  8
ROAD-EP
100
AcDbPoint
 10
2552920.0
 20
6967028.0
 30
509.73
  0
TEXT
  5
AF
330
17
100
AcDbEntity
  8
PT-NUMBER
100
AcDbText
 10
2552922.4
 20
6967030.7
 30
0.0
 40
3.0
  1
9
 11
2552922.4
 21
6967030.7
 31
0.0
100
AcDbText
  0
TEXT
  5
B0
330
17
100
AcDbEntity
  8
PT-ELEV
100
AcDbText
 10
2552922.4
 20
6967027.25
 30
0.0
 40
3.0
  1
509.73
 11
2552922.4
 21
6967027.25
 31
0.0
100
AcDbText
  0
TEXT
  5
B1
330
17
100
AcDbEntity
  8
PT-DESC
100
AcDbText
 10
2552922.4
 20
6967023.8
 30
0.0
 40
3.0
  1
EP1
 11
2552922.4
 21
6967023.8
 31
0.0
100
AcDbText
  0
POINT
  5
B2
330
17
100
AcDbEntity
  8
ROAD-EP
100
AcDbPoint
 10
2552960.0
 20
6967028.0
 30
509.87
  0
TEXT
  5
B3
330
17
100
AcDbEntity
  8
PT-NUMBER
100
AcDbText
 10
2552962.4
 20
6967030.7
 30
0.0
 40
3.0
  1
10
 11
2552962.4
 21
6967030.7
 31
0.0
100
AcDbText
  0
TEXT
  5
B4
330
17
100
AcDbEntity
  8
PT-ELEV
100
AcDbText
 10
2552962.4
 20
6967027.25
 30
0.0
 40
3.0
  1
509.87
 11
2552962.4
 21
6967027.25
 31
0.0
100
AcDbText
  0
TEXT
  5
B5
330
17
100
AcDbEntity
  8
PT-DESC
100
AcDbText
 10
2552962.4
 20
6967023.8
 30
0.0
 40
3.0
  1
EP1
 11
2552962.4
 21
6967023.8
 31
0.0
100
AcDbText
  0
POINT
  5
B6
330
17
100
AcDbEntity
  8
ROAD-EP
100
AcDbPoint
 10
2553000.0
 20
6967028.0
 30
509.87
  0
TEXT
  5
B7
330
17
100
AcDbEntity
  8
PT-NUMBER
100
AcDbText
 10
2553002.4
 20
6967030.7
 30
0.0
 40
3.0
  1
11
 11
2553002.4
 21
6967030.7
 31
0.0
100
AcDbText
  0
TEXT
  5
B8
330
17
100
AcDbEntity
  8
PT-ELEV
100
AcDbText
 10
2553002.4
 20
6967027.25
 30
0.0
 40
3.0
  1
509.87
 11
2553002.4
 21
6967027.25
 31
0.0
100
AcDbText
  0
TEXT
  5
B9
330
17
100
AcDbEntity
  8
PT-DESC
100
AcDbText
 10
2553002.4
 20
6967023.8
 30
0.0
 40
3.0
  1
EP1
 11
2553002.4
 21
6967023.8
 31
0.0
100
AcDbText
  0
POINT
  5
BA
330
17
100
AcDbEntity
  8
ROAD-EP
100
AcDbPoint
 10
2553040.0
 20
6967028.0
 30
509.5
  0
TEXT
  5
BB
330
17
100
AcDbEntity
  8
PT-NUMBER
100
AcDbText
 10
2553042.4
 20
6967030.7
 30
0.0
 40
3.0
  1
12
 11
2553042.4
 21
6967030.7
 31
0.0
100
AcDbText
  0
TEXT
  5
BC
330
17
100
AcDbEntity
  8
PT-ELEV
100
AcDbText
 10
2553042.4
 20
6967027.25
 30
0.0
 40
3.0
  1
509.50
 11
2553042.4
 21
6967027.25
 31
0.0
100
AcDbText
  0
TEXT
  5
BD
330
17
100
AcDbEntity
  8
PT-DESC
100
AcDbText
 10
2553042.4
 20
6967023.8
 30
0.0
 40
3.0
  1
EP1
 11
2553042.4
 21
6967023.8
 31
0.0
100
AcDbText
  0
POINT
  5
BE
330
17
100
AcDbEntity
  8
ROAD-EP
100
AcDbPoint
 10
2553080.0
 20
6967028.0
 30
508.7
  0
TEXT
  5
BF
330
17
100
AcDbEntity
  8
PT-NUMBER
100
AcDbText
 10
2553082.4
 20
6967030.7
 30
0.0
 40
3.0
  1
13
 11
2553082.4
 21
6967030.7
 31
0.0
100
AcDbText
  0
TEXT
  5
C0
330
17
100
AcDbEntity
  8
PT-ELEV
100
AcDbText
 10
2553082.4
 20
6967027.25
 30
0.0
 40
3.0
  1
508.70
 11
2553082.4
 21
6967027.25
 31
0.0
100
AcDbText
  0
TEXT
  5
C1
330
17
100
AcDbEntity
  8
PT-DESC
100
AcDbText
 10
2553082.4
 20
6967023.8
 30
0.0
 40
3.0
  1
EP1
 11
2553082.4
 21
6967023.8
 31
0.0
100
AcDbText
  0
POINT
  5
C2
330
17
100
AcDbEntity
  8
ROAD-EP
100
AcDbPoint
 10
2553120.0
 20
6967028.0
 30
507.64
  0
TEXT
  5
C3
330
17
100
AcDbEntity
  8
PT-NUMBER
100
AcDbText
 10
2553122.4
 20
6967030.7
 30
0.0
 40
3.0
  1
14
 11
2553122.4
 21
6967030.7
 31
0.0
100
AcDbText
  0
TEXT
  5
C4
330
17
100
AcDbEntity
  8
PT-ELEV
100
AcDbText
 10
2553122.4
 20
6967027.25
 30
0.0
 40
3.0
  1
507.64
 11
2553122.4
 21
6967027.25
 31
0.0
100
AcDbText
  0
TEXT
  5
C5
330
17
100
AcDbEntity
  8
PT-DESC
100
AcDbText
 10
2553122.4
 20
6967023.8
 30
0.0
 40
3.0
  1
EP1
 11
2553122.4
 21
6967023.8
 31
0.0
100
AcDbText
  0
POINT
  5
C6
330
17
100
AcDbEntity
  8
ROAD-EP
100
AcDbPoint
 10
2553160.0
 20
6967028.0
 30
506.56
  0
TEXT
  5
C7
330
17
100
AcDbEntity
  8
PT-NUMBER
100
AcDbText
 10
2553162.4
 20
6967030.7
 30
0.0
 40
3.0
  1
15
 11
2553162.4
 21
6967030.7
 31
0.0
100
AcDbText
  0
TEXT
  5
C8
330
17
100
AcDbEntity
  8
PT-ELEV
100
AcDbText
 10
2553162.4
 20
6967027.25
 30
0.0
 40
3.0
  1
506.56
 11
2553162.4
 21
6967027.25
 31
0.0
100
AcDbText
  0
TEXT
  5
C9
330
17
100
AcDbEntity
  8
PT-DESC
100
AcDbText
 10
2553162.4
 20
6967023.8
 30
0.0
 40
3.0
  1
EP1
 11
2553162.4
 21
6967023.8
 31
0.0
100
AcDbText
  0
POINT
  5
CA
330
17
100
AcDbEntity
  8
ROAD-EP
100
AcDbPoint
 10
2553200.0
 20
6967028.0
 30
505.64
  0
TEXT
  5
CB
330
17
100
AcDbEntity
  8
PT-NUMBER
100
AcDbText
 10
2553202.4
 20
6967030.7
 30
0.0
 40
3.0
  1
16
 11
2553202.4
 21
6967030.7
 31
0.0
100
AcDbText
  0
TEXT
  5
CC
330
17
100
AcDbEntity
  8
PT-ELEV
100
AcDbText
 10
2553202.4
 20
6967027.25
 30
0.0
 40
3.0
  1
505.64
 11
2553202.4
 21
6967027.25
 31
0.0
100
AcDbText
  0
TEXT
  5
CD
330
17
100
AcDbEntity
  8
PT-DESC
100
AcDbText
 10
2553202.4
 20
6967023.8
 30
0.0
 40
3.0
  1
EP1 E
 11
2553202.4
 21
6967023.8
 31
0.0
100
AcDbText
  0
POINT
  5
CE
330
17
100
AcDbEntity
  8
ROAD-EP
100
AcDbPoint
 10
2552600.0
 20
6967052.0
 30
512.89
  0
TEXT
  5
CF
330
17
100
AcDbEntity
  8
PT-NUMBER
100
AcDbText
 10
2552602.4
 20
6967054.7
 30
0.0
 40
3.0
  1
17
 11
2552602.4
 21
6967054.7
 31
0.0
100
AcDbText
  0
TEXT
  5
D0
330
17
100
AcDbEntity
  8
PT-ELEV
100
AcDbText
 10
2552602.4
 20
6967051.25
 30
0.0
 40
3.0
  1
512.89
 11
2552602.4
 21
6967051.25
 31
0.0
100
AcDbText
  0
TEXT
  5
D1
330
17
100
AcDbEntity
  8
PT-DESC
100
AcDbText
 10
2552602.4
 20
6967047.8
 30
0.0
 40
3.0
  1
EP2 B
 11
2552602.4
 21
6967047.8
 31
0.0
100
AcDbText
  0
POINT
  5
D2
330
17
100
AcDbEntity
  8
ROAD-EP
100
AcDbPoint
 10
2552640.0
 20
6967052.0
 30
512.41
  0
TEXT
  5
D3
330
17
100
AcDbEntity
  8
PT-NUMBER
100
AcDbText
 10
2552642.4
 20
6967054.7
 30
0.0
 40
3.0
  1
18
 11
2552642.4
 21
6967054.7
 31
0.0
100
AcDbText
  0
TEXT
  5
D4
330
17
100
AcDbEntity
  8
PT-ELEV
100
AcDbText
 10
2552642.4
 20
6967051.25
 30
0.0
 40
3.0
  1
512.41
 11
2552642.4
 21
6967051.25
 31
0.0
100
AcDbText
  0
TEXT
  5
D5
330
17
100
AcDbEntity
  8
PT-DESC
100
AcDbText
 10
2552642.4
 20
6967047.8
 30
0.0
 40
3.0
  1
EP2
 11
2552642.4
 21
6967047.8
 31
0.0
100
AcDbText
  0
POINT
  5
D6
330
17
100
AcDbEntity
  8
ROAD-EP
100
AcDbPoint
 10
2552680.0
 20
6967052.0
 30
511.93
  0
TEXT
  5
D7
330
17
100
AcDbEntity
  8
PT-NUMBER
100
AcDbText
 10
2552682.4
 20
6967054.7
 30
0.0
 40
3.0
  1
19
 11
2552682.4
 21
6967054.7
 31
0.0
100
AcDbText
  0
TEXT
  5
D8
330
17
100
AcDbEntity
  8
PT-ELEV
100
AcDbText
 10
2552682.4
 20
6967051.25
 30
0.0
 40
3.0
  1
511.93
 11
2552682.4
 21
6967051.25
 31
0.0
100
AcDbText
  0
TEXT
  5
D9
330
17
100
AcDbEntity
  8
PT-DESC
100
AcDbText
 10
2552682.4
 20
6967047.8
 30
0.0
 40
3.0
  1
EP2
 11
2552682.4
 21
6967047.8
 31
0.0
100
AcDbText
  0
POINT
  5
DA
330
17
100
AcDbEntity
  8
ROAD-EP
100
AcDbPoint
 10
2552720.0
 20
6967052.0
 30
511.46
  0
TEXT
  5
DB
330
17
100
AcDbEntity
  8
PT-NUMBER
100
AcDbText
 10
2552722.4
 20
6967054.7
 30
0.0
 40
3.0
  1
20
 11
2552722.4
 21
6967054.7
 31
0.0
100
AcDbText
  0
TEXT
  5
DC
330
17
100
AcDbEntity
  8
PT-ELEV
100
AcDbText
 10
2552722.4
 20
6967051.25
 30
0.0
 40
3.0
  1
511.46
 11
2552722.4
 21
6967051.25
 31
0.0
100
AcDbText
  0
TEXT
  5
DD
330
17
100
AcDbEntity
  8
PT-DESC
100
AcDbText
 10
2552722.4
 20
6967047.8
 30
0.0
 40
3.0
  1
EP2
 11
2552722.4
 21
6967047.8
 31
0.0
100
AcDbText
  0
POINT
  5
DE
330
17
100
AcDbEntity
  8
ROAD-EP
100
AcDbPoint
 10
2552760.0
 20
6967052.0
 30
511.01
  0
TEXT
  5
DF
330
17
100
AcDbEntity
  8
PT-NUMBER
100
AcDbText
 10
2552762.4
 20
6967054.7
 30
0.0
 40
3.0
  1
21
 11
2552762.4
 21
6967054.7
 31
0.0
100
AcDbText
  0
TEXT
  5
E0
330
17
100
AcDbEntity
  8
PT-ELEV
100
AcDbText
 10
2552762.4
 20
6967051.25
 30
0.0
 40
3.0
  1
511.01
 11
2552762.4
 21
6967051.25
 31
0.0
100
AcDbText
  0
TEXT
  5
E1
330
17
100
AcDbEntity
  8
PT-DESC
100
AcDbText
 10
2552762.4
 20
6967047.8
 30
0.0
 40
3.0
  1
EP2
 11
2552762.4
 21
6967047.8
 31
0.0
100
AcDbText
  0
POINT
  5
E2
330
17
100
AcDbEntity
  8
ROAD-EP
100
AcDbPoint
 10
2552800.0
 20
6967052.0
 30
510.63
  0
TEXT
  5
E3
330
17
100
AcDbEntity
  8
PT-NUMBER
100
AcDbText
 10
2552802.4
 20
6967054.7
 30
0.0
 40
3.0
  1
22
 11
2552802.4
 21
6967054.7
 31
0.0
100
AcDbText
  0
TEXT
  5
E4
330
17
100
AcDbEntity
  8
PT-ELEV
100
AcDbText
 10
2552802.4
 20
6967051.25
 30
0.0
 40
3.0
  1
510.63
 11
2552802.4
 21
6967051.25
 31
0.0
100
AcDbText
  0
TEXT
  5
E5
330
17
100
AcDbEntity
  8
PT-DESC
100
AcDbText
 10
2552802.4
 20
6967047.8
 30
0.0
 40
3.0
  1
EP2
 11
2552802.4
 21
6967047.8
 31
0.0
100
AcDbText
  0
POINT
  5
E6
330
17
100
AcDbEntity
  8
ROAD-EP
100
AcDbPoint
 10
2552840.0
 20
6967052.0
 30
510.38
  0
TEXT
  5
E7
330
17
100
AcDbEntity
  8
PT-NUMBER
100
AcDbText
 10
2552842.4
 20
6967054.7
 30
0.0
 40
3.0
  1
23
 11
2552842.4
 21
6967054.7
 31
0.0
100
AcDbText
  0
TEXT
  5
E8
330
17
100
AcDbEntity
  8
PT-ELEV
100
AcDbText
 10
2552842.4
 20
6967051.25
 30
0.0
 40
3.0
  1
510.38
 11
2552842.4
 21
6967051.25
 31
0.0
100
AcDbText
  0
TEXT
  5
E9
330
17
100
AcDbEntity
  8
PT-DESC
100
AcDbText
 10
2552842.4
 20
6967047.8
 30
0.0
 40
3.0
  1
EP2
 11
2552842.4
 21
6967047.8
 31
0.0
100
AcDbText
  0
POINT
  5
EA
330
17
100
AcDbEntity
  8
ROAD-EP
100
AcDbPoint
 10
2552880.0
 20
6967052.0
 30
510.36
  0
TEXT
  5
EB
330
17
100
AcDbEntity
  8
PT-NUMBER
100
AcDbText
 10
2552882.4
 20
6967054.7
 30
0.0
 40
3.0
  1
24
 11
2552882.4
 21
6967054.7
 31
0.0
100
AcDbText
  0
TEXT
  5
EC
330
17
100
AcDbEntity
  8
PT-ELEV
100
AcDbText
 10
2552882.4
 20
6967051.25
 30
0.0
 40
3.0
  1
510.36
 11
2552882.4
 21
6967051.25
 31
0.0
100
AcDbText
  0
TEXT
  5
ED
330
17
100
AcDbEntity
  8
PT-DESC
100
AcDbText
 10
2552882.4
 20
6967047.8
 30
0.0
 40
3.0
  1
EP2
 11
2552882.4
 21
6967047.8
 31
0.0
100
AcDbText
  0
POINT
  5
EE
330
17
100
AcDbEntity
  8
ROAD-EP
100
AcDbPoint
 10
2552920.0
 20
6967052.0
 30
510.59
  0
TEXT
  5
EF
330
17
100
AcDbEntity
  8
PT-NUMBER
100
AcDbText
 10
2552922.4
 20
6967054.7
 30
0.0
 40
3.0
  1
25
 11
2552922.4
 21
6967054.7
 31
0.0
100
AcDbText
  0
TEXT
  5
F0
330
17
100
AcDbEntity
  8
PT-ELEV
100
AcDbText
 10
2552922.4
 20
6967051.25
 30
0.0
 40
3.0
  1
510.59
 11
2552922.4
 21
6967051.25
 31
0.0
100
AcDbText
  0
TEXT
  5
F1
330
17
100
AcDbEntity
  8
PT-DESC
100
AcDbText
 10
2552922.4
 20
6967047.8
 30
0.0
 40
3.0
  1
EP2
 11
2552922.4
 21
6967047.8
 31
0.0
100
AcDbText
  0
POINT
  5
F2
330
17
100
AcDbEntity
  8
ROAD-EP
100
AcDbPoint
 10
2552960.0
 20
6967052.0
 30
510.94
  0
TEXT
  5
F3
330
17
100
AcDbEntity
  8
PT-NUMBER
100
AcDbText
 10
2552962.4
 20
6967054.7
 30
0.0
 40
3.0
  1
26
 11
2552962.4
 21
6967054.7
 31
0.0
100
AcDbText
  0
TEXT
  5
F4
330
17
100
AcDbEntity
  8
PT-ELEV
100
AcDbText
 10
2552962.4
 20
6967051.25
 30
0.0
 40
3.0
  1
510.94
 11
2552962.4
 21
6967051.25
 31
0.0
100
AcDbText
  0
TEXT
  5
F5
330
17
100
AcDbEntity
  8
PT-DESC
100
AcDbText
 10
2552962.4
 20
6967047.8
 30
0.0
 40
3.0
  1
EP2
 11
2552962.4
 21
6967047.8
 31
0.0
100
AcDbText
  0
POINT
  5
F6
330
17
100
AcDbEntity
  8
ROAD-EP
100
AcDbPoint
 10
2553000.0
 20
6967052.0
 30
511.09
  0
TEXT
  5
F7
330
17
100
AcDbEntity
  8
PT-NUMBER
100
AcDbText
 10
2553002.4
 20
6967054.7
 30
0.0
 40
3.0
  1
27
 11
2553002.4
 21
6967054.7
 31
0.0
100
AcDbText
  0
TEXT
  5
F8
330
17
100
AcDbEntity
  8
PT-ELEV
100
AcDbText
 10
2553002.4
 20
6967051.25
 30
0.0
 40
3.0
  1
511.09
 11
2553002.4
 21
6967051.25
 31
0.0
100
AcDbText
  0
TEXT
  5
F9
330
17
100
AcDbEntity
  8
PT-DESC
100
AcDbText
 10
2553002.4
 20
6967047.8
 30
0.0
 40
3.0
  1
EP2
 11
2553002.4
 21
6967047.8
 31
0.0
100
AcDbText
  0
POINT
  5
FA
330
17
100
AcDbEntity
  8
ROAD-EP
100
AcDbPoint
 10
2553040.0
 20
6967052.0
 30
510.75
  0
TEXT
  5
FB
330
17
100
AcDbEntity
  8
PT-NUMBER
100
AcDbText
 10
2553042.4
 20
6967054.7
 30
0.0
 40
3.0
  1
28
 11
2553042.4
 21
6967054.7
 31
0.0
100
AcDbText
  0
TEXT
  5
FC
330
17
100
AcDbEntity
  8
PT-ELEV
100
AcDbText
 10
2553042.4
 20
6967051.25
 30
0.0
 40
3.0
  1
510.75
 11
2553042.4
 21
6967051.25
 31
0.0
100
AcDbText
  0
TEXT
  5
FD
330
17
100
AcDbEntity
  8
PT-DESC
100
AcDbText
 10
2553042.4
 20
6967047.8
 30
0.0
 40
3.0
  1
EP2
 11
2553042.4
 21
6967047.8
 31
0.0
100
AcDbText
  0
POINT
  5
FE
330
17
100
AcDbEntity
  8
ROAD-EP
100
AcDbPoint
 10
2553080.0
 20
6967052.0
 30
509.85
  0
TEXT
  5
FF
330
17
100
AcDbEntity
  8
PT-NUMBER
100
AcDbText
 10
2553082.4
 20
6967054.7
 30
0.0
 40
3.0
  1
29
 11
2553082.4
 21
6967054.7
 31
0.0
100
AcDbText
  0
TEXT
  5
100
330
17
100
AcDbEntity
  8
PT-ELEV
100
AcDbText
 10
2553082.4
 20
6967051.25
 30
0.0
 40
3.0
  1
509.85
 11
2553082.4
 21
6967051.25
 31
0.0
100
AcDbText
  0
TEXT
  5
101
330
17
100
AcDbEntity
  8
PT-DESC
100
AcDbText
 10
2553082.4
 20
6967047.8
 30
0.0
 40
3.0
  1
EP2
 11
2553082.4
 21
6967047.8
 31
0.0
100
AcDbText
  0
POINT
  5
102
330
17
100
AcDbEntity
  8
ROAD-EP
100
AcDbPoint
 10
2553118.0
 20
6967052.0
 30
508.67
  0
TEXT
  5
103
330
17
100
AcDbEntity
  8
PT-NUMBER
100
AcDbText
 10
2553120.4
 20
6967054.7
 30
0.0
 40
3.0
  1
30
 11
2553120.4
 21
6967054.7
 31
0.0
100
AcDbText
  0
TEXT
  5
104
330
17
100
AcDbEntity
  8
PT-ELEV
100
AcDbText
 10
2553120.4
 20
6967051.25
 30
0.0
 40
3.0
  1
508.67
 11
2553120.4
 21
6967051.25
 31
0.0
100
AcDbText
  0
TEXT
  5
105
330
17
100
AcDbEntity
  8
PT-DESC
100
AcDbText
 10
2553120.4
 20
6967047.8
 30
0.0
 40
3.0
  1
EP2
 11
2553120.4
 21
6967047.8
 31
0.0
100
AcDbText
  0
POINT
  5
106
330
17
100
AcDbEntity
  8
ROAD-EP
100
AcDbPoint
 10
2553125.764571353
 20
6967053.022225211
 30
508.45
  0
TEXT
  5
107
330
17
100
AcDbEntity
  8
PT-NUMBER
100
AcDbText
 10
2553128.164571353
 20
6967055.722225212
 30
0.0
 40
3.0
  1
31
 11
2553128.164571353
 21
6967055.722225212
 31
0.0
100
AcDbText
  0
TEXT
  5
108
330
17
100
AcDbEntity
  8
PT-ELEV
100
AcDbText
 10
2553128.164571353
 20
6967052.272225211
 30
0.0
 40
3.0
  1
508.45
 11
2553128.164571353
 21
6967052.272225211
 31
0.0
100
AcDbText
  0
TEXT
  5
109
330
17
100
AcDbEntity
  8
PT-DESC
100
AcDbText
 10
2553128.164571353
 20
6967048.822225211
 30
0.0
 40
3.0
  1
EP2
 11
2553128.164571353
 21
6967048.822225211
 31
0.0
100
AcDbText
  0
POINT
  5
10A
330
17
100
AcDbEntity
  8
ROAD-EP
100
AcDbPoint
 10
2553133.0
 20
6967056.019237886
 30
508.33
  0
TEXT
  5
10B
330
17
100
AcDbEntity
  8
PT-NUMBER
100
AcDbText
 10
2553135.4
 20
6967058.719237886
 30
0.0
 40
3.0
  1
32
 11
2553135.4
 21
6967058.719237886
 31
0.0
100
AcDbText
  0
TEXT
  5
10C
330
17
100
AcDbEntity
  8
PT-ELEV
100
AcDbText
 10
2553135.4
 20
6967055.269237886
 30
0.0
 40
3.0
  1
508.33
 11
2553135.4
 21
6967055.269237886
 31
0.0
100
AcDbText
  0
TEXT
  5
10D
330
17
100
AcDbEntity
  8
PT-DESC
100
AcDbText
 10
2553135.4
 20
6967051.819237886
 30
0.0
 40
3.0
  1
EP2
 11
2553135.4
 21
6967051.819237886
 31
0.0
100
AcDbText
  0
POINT
  5
10E
330
17
100
AcDbEntity
  8
ROAD-EP
100
AcDbPoint
 10
2553139.2132034358
 20
6967060.786796564
 30
508.29
  0
TEXT
  5
10F
330
17
100
AcDbEntity
  8
PT-NUMBER
100
AcDbText
 10
2553141.6132034357
 20
6967063.486796564
 30
0.0
 40
3.0
  1
33
 11
2553141.6132034357
 21
6967063.486796564
 31
0.0
100
AcDbText
  0
TEXT
  5
110
330
17
100
AcDbEntity
  8
PT-ELEV
100
AcDbText
 10
2553141.6132034357
 20
6967060.036796564
 30
0.0
 40
3.0
  1
508.29
 11
2553141.6132034357
 21
6967060.036796564
 31
0.0
100
AcDbText
  0
TEXT
  5
111
330
17
100
AcDbEntity
  8
PT-DESC
100
AcDbText
 10
2553141.6132034357
 20
6967056.586796564
 30
0.0
 40
3.0
  1
EP2
 11
2553141.6132034357
 21
6967056.586796564
 31
0.0
100
AcDbText
  0
POINT
  5
112
330
17
100
AcDbEntity
  8
ROAD-EP
100
AcDbPoint
 10
2553143.9807621134
 20
6967067.0
 30
508.34
  0
TEXT
  5
113
330
17
100
AcDbEntity
  8
PT-NUMBER
100
AcDbText
 10
2553146.3807621133
 20
6967069.7
 30
0.0
 40
3.0
  1
34
 11
2553146.3807621133
 21
6967069.7
 31
0.0
100
AcDbText
  0
TEXT
  5
114
330
17
100
AcDbEntity
  8
PT-ELEV
100
AcDbText
 10
2553146.3807621133
 20
6967066.25
 30
0.0
 40
3.0
  1
508.34
 11
2553146.3807621133
 21
6967066.25
 31
0.0
100
AcDbText
  0
TEXT
  5
115
330
17
100
AcDbEntity
  8
PT-DESC
100
AcDbText
 10
2553146.3807621133
 20
6967062.8
 30
0.0
 40
3.0
  1
EP2
 11
2553146.3807621133
 21
6967062.8
 31
0.0
100
AcDbText
  0
POINT
  5
116
330
17
100
AcDbEntity
  8
ROAD-EP
100
AcDbPoint
 10
2553146.9777747886
 20
6967074.235428647
 30
508.48
  0
TEXT
  5
117
330
17
100
AcDbEntity
  8
PT-NUMBER
100
AcDbText
 10
2553149.3777747885
 20
6967076.935428647
 30
0.0
 40
3.0
  1
35
 11
2553149.3777747885
 21
6967076.935428647
 31
0.0
100
AcDbText
  0
TEXT
  5
118
330
17
100
AcDbEntity
  8
PT-ELEV
100
AcDbText
 10
2553149.3777747885
 20
6967073.485428647
 30
0.0
 40
3.0
  1
508.48
 11
2553149.3777747885
 21
6967073.485428647
 31
0.0
100
AcDbText
  0
TEXT
  5
119
330
17
100
AcDbEntity
  8
PT-DESC
100
AcDbText
 10
2553149.3777747885
 20
6967070.035428647
 30
0.0
 40
3.0
  1
EP2
 11
2553149.3777747885
 21
6967070.035428647
 31
0.0
100
AcDbText
  0
POINT
  5
11A
330
17
100
AcDbEntity
  8
ROAD-EP
100
AcDbPoint
 10
2553148.0
 20
6967082.0
 30
508.69
  0
TEXT
  5
11B
330
17
100
AcDbEntity
  8
PT-NUMBER
100
AcDbText
 10
2553150.4
 20
6967084.7
 30
0.0
 40
3.0
  1
36
 11
2553150.4
 21
6967084.7
 31
0.0
100
AcDbText
  0
TEXT
  5
11C
330
17
100
AcDbEntity
  8
PT-ELEV
100
AcDbText
 10
2553150.4
 20
6967081.25
 30
0.0
 40
3.0
  1
508.69
 11
2553150.4
 21
6967081.25
 31
0.0
100
AcDbText
  0
TEXT
  5
11D
330
17
100
AcDbEntity
  8
PT-DESC
100
AcDbText
 10
2553150.4
 20
6967077.8
 30
0.0
 40
3.0
  1
EP2
 11
2553150.4
 21
6967077.8
 31
0.0
100
AcDbText
  0
POINT
  5
11E
330
17
100
AcDbEntity
  8
ROAD-EP
100
AcDbPoint
 10
2553148.0
 20
6967120.0
 30
509.67
  0
TEXT
  5
11F
330
17
100
AcDbEntity
  8
PT-NUMBER
100
AcDbText
 10
2553150.4
 20
6967122.7
 30
0.0
 40
3.0
  1
37
 11
2553150.4
 21
6967122.7
 31
0.0
100
AcDbText
  0
TEXT
  5
120
330
17
100
AcDbEntity
  8
PT-ELEV
100
AcDbText
 10
2553150.4
 20
6967119.25
 30
0.0
 40
3.0
  1
509.67
 11
2553150.4
 21
6967119.25
 31
0.0
100
AcDbText
  0
TEXT
  5
121
330
17
100
AcDbEntity
  8
PT-DESC
100
AcDbText
 10
2553150.4
 20
6967115.8
 30
0.0
 40
3.0
  1
EP2
 11
2553150.4
 21
6967115.8
 31
0.0
100
AcDbText
  0
POINT
  5
122
330
17
100
AcDbEntity
  8
ROAD-EP
100
AcDbPoint
 10
2553148.0
 20
6967160.0
 30
510.05
  0
TEXT
  5
123
330
17
100
AcDbEntity
  8
PT-NUMBER
100
AcDbText
 10
2553150.4
 20
6967162.7
 30
0.0
 40
3.0
  1
38
 11
2553150.4
 21
6967162.7
 31
0.0
100
AcDbText
  0
TEXT
  5
124
330
17
100
AcDbEntity
  8
PT-ELEV
100
AcDbText
 10
2553150.4
 20
6967159.25
 30
0.0
 40
3.0
  1
510.05
 11
2553150.4
 21
6967159.25
 31
0.0
100
AcDbText
  0
TEXT
  5
125
330
17
100
AcDbEntity
  8
PT-DESC
100
AcDbText
 10
2553150.4
 20
6967155.8
 30
0.0
 40
3.0
  1
EP2
 11
2553150.4
 21
6967155.8
 31
0.0
100
AcDbText
  0
POINT
  5
126
330
17
100
AcDbEntity
  8
ROAD-EP
100
AcDbPoint
 10
2553148.0
 20
6967200.0
 30
509.83
  0
TEXT
  5
127
330
17
100
AcDbEntity
  8
PT-NUMBER
100
AcDbText
 10
2553150.4
 20
6967202.7
 30
0.0
 40
3.0
  1
39
 11
2553150.4
 21
6967202.7
 31
0.0
100
AcDbText
  0
TEXT
  5
128
330
17
100
AcDbEntity
  8
PT-ELEV
100
AcDbText
 10
2553150.4
 20
6967199.25
 30
0.0
 40
3.0
  1
509.83
 11
2553150.4
 21
6967199.25
 31
0.0
100
AcDbText
  0
TEXT
  5
129
330
17
100
AcDbEntity
  8
PT-DESC
100
AcDbText
 10
2553150.4
 20
6967195.8
 30
0.0
 40
3.0
  1
EP2
 11
2553150.4
 21
6967195.8
 31
0.0
100
AcDbText
  0
POINT
  5
12A
330
17
100
AcDbEntity
  8
ROAD-EP
100
AcDbPoint
 10
2553148.0
 20
6967240.0
 30
509.8
  0
TEXT
  5
12B
330
17
100
AcDbEntity
  8
PT-NUMBER
100
AcDbText
 10
2553150.4
 20
6967242.7
 30
0.0
 40
3.0
  1
40
 11
2553150.4
 21
6967242.7
 31
0.0
100
AcDbText
  0
TEXT
  5
12C
330
17
100
AcDbEntity
  8
PT-ELEV
100
AcDbText
 10
2553150.4
 20
6967239.25
 30
0.0
 40
3.0
  1
509.80
 11
2553150.4
 21
6967239.25
 31
0.0
100
AcDbText
  0
TEXT
  5
12D
330
17
100
AcDbEntity
  8
PT-DESC
100
AcDbText
 10
2553150.4
 20
6967235.8
 30
0.0
 40
3.0
  1
EP2
 11
2553150.4
 21
6967235.8
 31
0.0
100
AcDbText
  0
POINT
  5
12E
330
17
100
AcDbEntity
  8
ROAD-EP
100
AcDbPoint
 10
2553148.0
 20
6967280.0
 30
510.53
  0
TEXT
  5
12F
330
17
100
AcDbEntity
  8
PT-NUMBER
100
AcDbText
 10
2553150.4
 20
6967282.7
 30
0.0
 40
3.0
  1
41
 11
2553150.4
 21
6967282.7
 31
0.0
100
AcDbText
  0
TEXT
  5
130
330
17
100
AcDbEntity
  8
PT-ELEV
100
AcDbText
 10
2553150.4
 20
6967279.25
 30
0.0
 40
3.0
  1
510.53
 11
2553150.4
 21
6967279.25
 31
0.0
100
AcDbText
  0
TEXT
  5
131
330
17
100
AcDbEntity
  8
PT-DESC
100
AcDbText
 10
2553150.4
 20
6967275.8
 30
0.0
 40
3.0
  1
EP2
 11
2553150.4
 21
6967275.8
 31
0.0
100
AcDbText
  0
POINT
  5
132
330
17
100
AcDbEntity
  8
ROAD-EP
100
AcDbPoint
 10
2553148.0
 20
6967320.0
 30
511.59
  0
TEXT
  5
133
330
17
100
AcDbEntity
  8
PT-NUMBER
100
AcDbText
 10
2553150.4
 20
6967322.7
 30
0.0
 40
3.0
  1
42
 11
2553150.4
 21
6967322.7
 31
0.0
100
AcDbText
  0
TEXT
  5
134
330
17
100
AcDbEntity
  8
PT-ELEV
100
AcDbText
 10
2553150.4
 20
6967319.25
 30
0.0
 40
3.0
  1
511.59
 11
2553150.4
 21
6967319.25
 31
0.0
100
AcDbText
  0
TEXT
  5
135
330
17
100
AcDbEntity
  8
PT-DESC
100
AcDbText
 10
2553150.4
 20
6967315.8
 30
0.0
 40
3.0
  1
EP2 E
 11
2553150.4
 21
6967315.8
 31
0.0
100
AcDbText
  0
POINT
  5
136
330
17
100
AcDbEntity
  8
ROAD-EP
100
AcDbPoint
 10
2553172.0
 20
6967340.0
 30
511.74
  0
TEXT
  5
137
330
17
100
AcDbEntity
  8
PT-NUMBER
100
AcDbText
 10
2553174.4
 20
6967342.7
 30
0.0
 40
3.0
  1
43
 11
2553174.4
 21
6967342.7
 31
0.0
100
AcDbText
  0
TEXT
  5
138
330
17
100
AcDbEntity
  8
PT-ELEV
100
AcDbText
 10
2553174.4
 20
6967339.25
 30
0.0
 40
3.0
  1
511.74
 11
2553174.4
 21
6967339.25
 31
0.0
100
AcDbText
  0
TEXT
  5
139
330
17
100
AcDbEntity
  8
PT-DESC
100
AcDbText
 10
2553174.4
 20
6967335.8
 30
0.0
 40
3.0
  1
EP3 B
 11
2553174.4
 21
6967335.8
 31
0.0
100
AcDbText
  0
POINT
  5
13A
330
17
100
AcDbEntity
  8
ROAD-EP
100
AcDbPoint
 10
2553172.0
 20
6967300.0
 30
510.67
  0
TEXT
  5
13B
330
17
100
AcDbEntity
  8
PT-NUMBER
100
AcDbText
 10
2553174.4
 20
6967302.7
 30
0.0
 40
3.0
  1
44
 11
2553174.4
 21
6967302.7
 31
0.0
100
AcDbText
  0
TEXT
  5
13C
330
17
100
AcDbEntity
  8
PT-ELEV
100
AcDbText
 10
2553174.4
 20
6967299.25
 30
0.0
 40
3.0
  1
510.67
 11
2553174.4
 21
6967299.25
 31
0.0
100
AcDbText
  0
TEXT
  5
13D
330
17
100
AcDbEntity
  8
PT-DESC
100
AcDbText
 10
2553174.4
 20
6967295.8
 30
0.0
 40
3.0
  1
EP3
 11
2553174.4
 21
6967295.8
 31
0.0
100
AcDbText
  0
POINT
  5
13E
330
17
100
AcDbEntity
  8
ROAD-EP
100
AcDbPoint
 10
2553172.0
 20
6967260.0
 30
509.54
  0
TEXT
  5
13F
330
17
100
AcDbEntity
  8
PT-NUMBER
100
AcDbText
 10
2553174.4
 20
6967262.7
 30
0.0
 40
3.0
  1
45
 11
2553174.4
 21
6967262.7
 31
0.0
100
AcDbText
  0
TEXT
  5
140
330
17
100
AcDbEntity
  8
PT-ELEV
100
AcDbText
 10
2553174.4
 20
6967259.25
 30
0.0
 40
3.0
  1
509.54
 11
2553174.4
 21
6967259.25
 31
0.0
100
AcDbText
  0
TEXT
  5
141
330
17
100
AcDbEntity
  8
PT-DESC
100
AcDbText
 10
2553174.4
 20
6967255.8
 30
0.0
 40
3.0
  1
EP3
 11
2553174.4
 21
6967255.8
 31
0.0
100
AcDbText
  0
POINT
  5
142
330
17
100
AcDbEntity
  8
ROAD-EP
100
AcDbPoint
 10
2553172.0
 20
6967220.0
 30
508.96
  0
TEXT
  5
143
330
17
100
AcDbEntity
  8
PT-NUMBER
100
AcDbText
 10
2553174.4
 20
6967222.7
 30
0.0
 40
3.0
  1
46
 11
2553174.4
 21
6967222.7
 31
0.0
100
AcDbText
  0
TEXT
  5
144
330
17
100
AcDbEntity
  8
PT-ELEV
100
AcDbText
 10
2553174.4
 20
6967219.25
 30
0.0
 40
3.0
  1
508.96
 11
2553174.4
 21
6967219.25
 31
0.0
100
AcDbText
  0
TEXT
  5
145
330
17
100
AcDbEntity
  8
PT-DESC
100
AcDbText
 10
2553174.4
 20
6967215.8
 30
0.0
 40
3.0
  1
EP3
 11
2553174.4
 21
6967215.8
 31
0.0
100
AcDbText
  0
POINT
  5
146
330
17
100
AcDbEntity
  8
ROAD-EP
100
AcDbPoint
 10
2553172.0
 20
6967180.0
 30
509.03
  0
TEXT
  5
147
330
17
100
AcDbEntity
  8
PT-NUMBER
100
AcDbText
 10
2553174.4
 20
6967182.7
 30
0.0
 40
3.0
  1
47
 11
2553174.4
 21
6967182.7
 31
0.0
100
AcDbText
  0
TEXT
  5
148
330
17
100
AcDbEntity
  8
PT-ELEV
100
AcDbText
 10
2553174.4
 20
6967179.25
 30
0.0
 40
3.0
  1
509.03
 11
2553174.4
 21
6967179.25
 31
0.0
100
AcDbText
  0
TEXT
  5
149
330
17
100
AcDbEntity
  8
PT-DESC
100
AcDbText
 10
2553174.4
 20
6967175.8
 30
0.0
 40
3.0
  1
EP3
 11
2553174.4
 21
6967175.8
 31
0.0
100
AcDbText
  0
POINT
  5
14A
330
17
100
AcDbEntity
  8
ROAD-EP
100
AcDbPoint
 10
2553172.0
 20
6967140.0
 30
508.96
  0
TEXT
  5
14B
330
17
100
AcDbEntity
  8
PT-NUMBER
100
AcDbText
 10
2553174.4
 20
6967142.7
 30
0.0
 40
3.0
  1
48
 11
2553174.4
 21
6967142.7
 31
0.0
100
AcDbText
  0
TEXT
  5
14C
330
17
100
AcDbEntity
  8
PT-ELEV
100
AcDbText
 10
2553174.4
 20
6967139.25
 30
0.0
 40
3.0
  1
508.96
 11
2553174.4
 21
6967139.25
 31
0.0
100
AcDbText
  0
TEXT
  5
14D
330
17
100
AcDbEntity
  8
PT-DESC
100
AcDbText
 10
2553174.4
 20
6967135.8
 30
0.0
 40
3.0
  1
EP3
 11
2553174.4
 21
6967135.8
 31
0.0
100
AcDbText
  0
POINT
  5
14E
330
17
100
AcDbEntity
  8
ROAD-EP
100
AcDbPoint
 10
2553172.0
 20
6967100.0
 30
508.3
  0
TEXT
  5
14F
330
17
100
AcDbEntity
  8
PT-NUMBER
100
AcDbText
 10
2553174.4
 20
6967102.7
 30
0.0
 40
3.0
  1
49
 11
2553174.4
 21
6967102.7
 31
0.0
100
AcDbText
  0
TEXT
  5
150
330
17
100
AcDbEntity
  8
PT-ELEV
100
AcDbText
 10
2553174.4
 20
6967099.25
 30
0.0
 40
3.0
  1
508.30
 11
2553174.4
 21
6967099.25
 31
0.0
100
AcDbText
  0
TEXT
  5
151
330
17
100
AcDbEntity
  8
PT-DESC
100
AcDbText
 10
2553174.4
 20
6967095.8
 30
0.0
 40
3.0
  1
EP3
 11
2553174.4
 21
6967095.8
 31
0.0
100
AcDbText
  0
POINT
  5
152
330
17
100
AcDbEntity
  8
ROAD-EP
100
AcDbPoint
 10
2553172.0
 20
6967082.0
 30
507.84
  0
TEXT
  5
153
330
17
100
AcDbEntity
  8
PT-NUMBER
100
AcDbText
 10
2553174.4
 20
6967084.7
 30
0.0
 40
3.0
  1
50
 11
2553174.4
 21
6967084.7
 31
0.0
100
AcDbText
  0
TEXT
  5
154
330
17
100
AcDbEntity
  8
PT-ELEV
100
AcDbText
 10
2553174.4
 20
6967081.25
 30
0.0
 40
3.0
  1
507.84
 11
2553174.4
 21
6967081.25
 31
0.0
100
AcDbText
  0
TEXT
  5
155
330
17
100
AcDbEntity
  8
PT-DESC
100
AcDbText
 10
2553174.4
 20
6967077.8
 30
0.0
 40
3.0
  1
EP3
 11
2553174.4
 21
6967077.8
 31
0.0
100
AcDbText
  0
POINT
  5
156
330
17
100
AcDbEntity
  8
ROAD-EP
100
AcDbPoint
 10
2553173.0222252114
 20
6967074.235428647
 30
507.59
  0
TEXT
  5
157
330
17
100
AcDbEntity
  8
PT-NUMBER
100
AcDbText
 10
2553175.4222252113
 20
6967076.935428647
 30
0.0
 40
3.0
  1
51
 11
2553175.4222252113
 21
6967076.935428647
 31
0.0
100
AcDbText
  0
TEXT
  5
158
330
17
100
AcDbEntity
  8
PT-ELEV
100
AcDbText
 10
2553175.4222252113
 20
6967073.485428647
 30
0.0
 40
3.0
  1
507.59
 11
2553175.4222252113
 21
6967073.485428647
 31
0.0
100
AcDbText
  0
TEXT
  5
159
330
17
100
AcDbEntity
  8
PT-DESC
100
AcDbText
 10
2553175.4222252113
 20
6967070.035428647
 30
0.0
 40
3.0
  1
EP3
 11
2553175.4222252113
 21
6967070.035428647
 31
0.0
100
AcDbText
  0
POINT
  5
15A
330
17
100
AcDbEntity
  8
ROAD-EP
100
AcDbPoint
 10
2553176.0192378866
 20
6967067.0
 30
507.3
  0
TEXT
  5
15B
330
17
100
AcDbEntity
  8
PT-NUMBER
100
AcDbText
 10
2553178.4192378866
 20
6967069.7
 30
0.0
 40
3.0
  1
52
 11
2553178.4192378866
 21
6967069.7
 31
0.0
100
AcDbText
  0
TEXT
  5
15C
330
17
100
AcDbEntity
  8
PT-ELEV
100
AcDbText
 10
2553178.4192378866
 20
6967066.25
 30
0.0
 40
3.0
  1
507.30
 11
2553178.4192378866
 21
6967066.25
 31
0.0
100
AcDbText
  0
TEXT
  5
15D
330
17
100
AcDbEntity
  8
PT-DESC
100
AcDbText
 10
2553178.4192378866
 20
6967062.8
 30
0.0
 40
3.0
  1
EP3
 11
2553178.4192378866
 21
6967062.8
 31
0.0
100
AcDbText
  0
POINT
  5
15E
330
17
100
AcDbEntity
  8
ROAD-EP
100
AcDbPoint
 10
2553180.7867965642
 20
6967060.786796564
 30
506.99
  0
TEXT
  5
15F
330
17
100
AcDbEntity
  8
PT-NUMBER
100
AcDbText
 10
2553183.186796564
 20
6967063.486796564
 30
0.0
 40
3.0
  1
53
 11
2553183.186796564
 21
6967063.486796564
 31
0.0
100
AcDbText
  0
TEXT
  5
160
330
17
100
AcDbEntity
  8
PT-ELEV
100
AcDbText
 10
2553183.186796564
 20
6967060.036796564
 30
0.0
 40
3.0
  1
506.99
 11
2553183.186796564
 21
6967060.036796564
 31
0.0
100
AcDbText
  0
TEXT
  5
161
330
17
100
AcDbEntity
  8
PT-DESC
100
AcDbText
 10
2553183.186796564
 20
6967056.586796564
 30
0.0
 40
3.0
  1
EP3
 11
2553183.186796564
 21
6967056.586796564
 31
0.0
100
AcDbText
  0
POINT
  5
162
330
17
100
AcDbEntity
  8
ROAD-EP
100
AcDbPoint
 10
2553187.0
 20
6967056.019237886
 30
506.69
  0
TEXT
  5
163
330
17
100
AcDbEntity
  8
PT-NUMBER
100
AcDbText
 10
2553189.4
 20
6967058.719237886
 30
0.0
 40
3.0
  1
54
 11
2553189.4
 21
6967058.719237886
 31
0.0
100
AcDbText
  0
TEXT
  5
164
330
17
100
AcDbEntity
  8
PT-ELEV
100
AcDbText
 10
2553189.4
 20
6967055.269237886
 30
0.0
 40
3.0
  1
506.69
 11
2553189.4
 21
6967055.269237886
 31
0.0
100
AcDbText
  0
TEXT
  5
165
330
17
100
AcDbEntity
  8
PT-DESC
100
AcDbText
 10
2553189.4
 20
6967051.819237886
 30
0.0
 40
3.0
  1
EP3
 11
2553189.4
 21
6967051.819237886
 31
0.0
100
AcDbText
  0
POINT
  5
166
330
17
100
AcDbEntity
  8
ROAD-EP
100
AcDbPoint
 10
2553194.235428647
 20
6967053.022225211
 30
506.42
  0
TEXT
  5
167
330
17
100
AcDbEntity
  8
PT-NUMBER
100
AcDbText
 10
2553196.635428647
 20
6967055.722225212
 30
0.0
 40
3.0
  1
55
 11
2553196.635428647
 21
6967055.722225212
 31
0.0
100
AcDbText
  0
TEXT
  5
168
330
17
100
AcDbEntity
  8
PT-ELEV
100
AcDbText
 10
2553196.635428647
 20
6967052.272225211
 30
0.0
 40
3.0
  1
506.42
 11
2553196.635428647
 21
6967052.272225211
 31
0.0
100
AcDbText
  0
TEXT
  5
169
330
17
100
AcDbEntity
  8
PT-DESC
100
AcDbText
 10
2553196.635428647
 20
6967048.822225211
 30
0.0
 40
3.0
  1
EP3
 11
2553196.635428647
 21
6967048.822225211
 31
0.0
100
AcDbText
  0
POINT
  5
16A
330
17
100
AcDbEntity
  8
ROAD-EP
100
AcDbPoint
 10
2553202.0
 20
6967052.0
 30
506.21
  0
TEXT
  5
16B
330
17
100
AcDbEntity
  8
PT-NUMBER
100
AcDbText
 10
2553204.4
 20
6967054.7
 30
0.0
 40
3.0
  1
56
 11
2553204.4
 21
6967054.7
 31
0.0
100
AcDbText
  0
TEXT
  5
16C
330
17
100
AcDbEntity
  8
PT-ELEV
100
AcDbText
 10
2553204.4
 20
6967051.25
 30
0.0
 40
3.0
  1
506.21
 11
2553204.4
 21
6967051.25
 31
0.0
100
AcDbText
  0
TEXT
  5
16D
330
17
100
AcDbEntity
  8
PT-DESC
100
AcDbText
 10
2553204.4
 20
6967047.8
 30
0.0
 40
3.0
  1
EP3
 11
2553204.4
 21
6967047.8
 31
0.0
100
AcDbText
  0
POINT
  5
16E
330
17
100
AcDbEntity
  8
ROAD-EP
100
AcDbPoint
 10
2553220.0
 20
6967052.0
 30
505.82
  0
TEXT
  5
16F
330
17
100
AcDbEntity
  8
PT-NUMBER
100
AcDbText
 10
2553222.4
 20
6967054.7
 30
0.0
 40
3.0
  1
57
 11
2553222.4
 21
6967054.7
 31
0.0
100
AcDbText
  0
TEXT
  5
170
330
17
100
AcDbEntity
  8
PT-ELEV
100
AcDbText
 10
2553222.4
 20
6967051.25
 30
0.0
 40
3.0
  1
505.82
 11
2553222.4
 21
6967051.25
 31
0.0
100
AcDbText
  0
TEXT
  5
171
330
17
100
AcDbEntity
  8
PT-DESC
100
AcDbText
 10
2553222.4
 20
6967047.8
 30
0.0
 40
3.0
  1
EP3 E
 11
2553222.4
 21
6967047.8
 31
0.0
100
AcDbText
  0
POINT
  5
173
330
17
100
AcDbEntity
  8
ROAD-CL
100
AcDbPoint
 10
2552600.0
 20
6967040.0
 30
512.85
  0
TEXT
  5
174
330
17
100
AcDbEntity
  8
PT-NUMBER
100
AcDbText
 10
2552602.4
 20
6967042.7
 30
0.0
 40
3.0
  1
58
 11
2552602.4
 21
6967042.7
 31
0.0
100
AcDbText
  0
TEXT
  5
175
330
17
100
AcDbEntity
  8
PT-ELEV
100
AcDbText
 10
2552602.4
 20
6967039.25
 30
0.0
 40
3.0
  1
512.85
 11
2552602.4
 21
6967039.25
 31
0.0
100
AcDbText
  0
TEXT
  5
176
330
17
100
AcDbEntity
  8
PT-DESC
100
AcDbText
 10
2552602.4
 20
6967035.8
 30
0.0
 40
3.0
  1
CL1 B
 11
2552602.4
 21
6967035.8
 31
0.0
100
AcDbText
  0
POINT
  5
177
330
17
100
AcDbEntity
  8
ROAD-CL
100
AcDbPoint
 10
2552640.0
 20
6967040.0
 30
512.37
  0
TEXT
  5
178
330
17
100
AcDbEntity
  8
PT-NUMBER
100
AcDbText
 10
2552642.4
 20
6967042.7
 30
0.0
 40
3.0
  1
59
 11
2552642.4
 21
6967042.7
 31
0.0
100
AcDbText
  0
TEXT
  5
179
330
17
100
AcDbEntity
  8
PT-ELEV
100
AcDbText
 10
2552642.4
 20
6967039.25
 30
0.0
 40
3.0
  1
512.37
 11
2552642.4
 21
6967039.25
 31
0.0
100
AcDbText
  0
TEXT
  5
17A
330
17
100
AcDbEntity
  8
PT-DESC
100
AcDbText
 10
2552642.4
 20
6967035.8
 30
0.0
 40
3.0
  1
CL1
 11
2552642.4
 21
6967035.8
 31
0.0
100
AcDbText
  0
POINT
  5
17B
330
17
100
AcDbEntity
  8
ROAD-CL
100
AcDbPoint
 10
2552680.0
 20
6967040.0
 30
511.89
  0
TEXT
  5
17C
330
17
100
AcDbEntity
  8
PT-NUMBER
100
AcDbText
 10
2552682.4
 20
6967042.7
 30
0.0
 40
3.0
  1
60
 11
2552682.4
 21
6967042.7
 31
0.0
100
AcDbText
  0
TEXT
  5
17D
330
17
100
AcDbEntity
  8
PT-ELEV
100
AcDbText
 10
2552682.4
 20
6967039.25
 30
0.0
 40
3.0
  1
511.89
 11
2552682.4
 21
6967039.25
 31
0.0
100
AcDbText
  0
TEXT
  5
17E
330
17
100
AcDbEntity
  8
PT-DESC
100
AcDbText
 10
2552682.4
 20
6967035.8
 30
0.0
 40
3.0
  1
CL1
 11
2552682.4
 21
6967035.8
 31
0.0
100
AcDbText
  0
POINT
  5
17F
330
17
100
AcDbEntity
  8
ROAD-CL
100
AcDbPoint
 10
2552720.0
 20
6967040.0
 30
511.42
  0
TEXT
  5
180
330
17
100
AcDbEntity
  8
PT-NUMBER
100
AcDbText
 10
2552722.4
 20
6967042.7
 30
0.0
 40
3.0
  1
61
 11
2552722.4
 21
6967042.7
 31
0.0
100
AcDbText
  0
TEXT
  5
181
330
17
100
AcDbEntity
  8
PT-ELEV
100
AcDbText
 10
2552722.4
 20
6967039.25
 30
0.0
 40
3.0
  1
511.42
 11
2552722.4
 21
6967039.25
 31
0.0
100
AcDbText
  0
TEXT
  5
182
330
17
100
AcDbEntity
  8
PT-DESC
100
AcDbText
 10
2552722.4
 20
6967035.8
 30
0.0
 40
3.0
  1
CL1
 11
2552722.4
 21
6967035.8
 31
0.0
100
AcDbText
  0
POINT
  5
183
330
17
100
AcDbEntity
  8
ROAD-CL
100
AcDbPoint
 10
2552760.0
 20
6967040.0
 30
510.97
  0
TEXT
  5
184
330
17
100
AcDbEntity
  8
PT-NUMBER
100
AcDbText
 10
2552762.4
 20
6967042.7
 30
0.0
 40
3.0
  1
62
 11
2552762.4
 21
6967042.7
 31
0.0
100
AcDbText
  0
TEXT
  5
185
330
17
100
AcDbEntity
  8
PT-ELEV
100
AcDbText
 10
2552762.4
 20
6967039.25
 30
0.0
 40
3.0
  1
510.97
 11
2552762.4
 21
6967039.25
 31
0.0
100
AcDbText
  0
TEXT
  5
186
330
17
100
AcDbEntity
  8
PT-DESC
100
AcDbText
 10
2552762.4
 20
6967035.8
 30
0.0
 40
3.0
  1
CL1
 11
2552762.4
 21
6967035.8
 31
0.0
100
AcDbText
  0
POINT
  5
187
330
17
100
AcDbEntity
  8
ROAD-CL
100
AcDbPoint
 10
2552800.0
 20
6967040.0
 30
510.57
  0
TEXT
  5
188
330
17
100
AcDbEntity
  8
PT-NUMBER
100
AcDbText
 10
2552802.4
 20
6967042.7
 30
0.0
 40
3.0
  1
63
 11
2552802.4
 21
6967042.7
 31
0.0
100
AcDbText
  0
TEXT
  5
189
330
17
100
AcDbEntity
  8
PT-ELEV
100
AcDbText
 10
2552802.4
 20
6967039.25
 30
0.0
 40
3.0
  1
510.57
 11
2552802.4
 21
6967039.25
 31
0.0
100
AcDbText
  0
TEXT
  5
18A
330
17
100
AcDbEntity
  8
PT-DESC
100
AcDbText
 10
2552802.4
 20
6967035.8
 30
0.0
 40
3.0
  1
CL1
 11
2552802.4
 21
6967035.8
 31
0.0
100
AcDbText
  0
POINT
  5
18B
330
17
100
AcDbEntity
  8
ROAD-CL
100
AcDbPoint
 10
2552840.0
 20
6967040.0
 30
510.3
  0
TEXT
  5
18C
330
17
100
AcDbEntity
  8
PT-NUMBER
100
AcDbText
 10
2552842.4
 20
6967042.7
 30
0.0
 40
3.0
  1
64
 11
2552842.4
 21
6967042.7
 31
0.0
100
AcDbText
  0
TEXT
  5
18D
330
17
100
AcDbEntity
  8
PT-ELEV
100
AcDbText
 10
2552842.4
 20
6967039.25
 30
0.0
 40
3.0
  1
510.30
 11
2552842.4
 21
6967039.25
 31
0.0
100
AcDbText
  0
TEXT
  5
18E
330
17
100
AcDbEntity
  8
PT-DESC
100
AcDbText
 10
2552842.4
 20
6967035.8
 30
0.0
 40
3.0
  1
CL1
 11
2552842.4
 21
6967035.8
 31
0.0
100
AcDbText
  0
POINT
  5
18F
330
17
100
AcDbEntity
  8
ROAD-CL
100
AcDbPoint
 10
2552880.0
 20
6967040.0
 30
510.22
  0
TEXT
  5
190
330
17
100
AcDbEntity
  8
PT-NUMBER
100
AcDbText
 10
2552882.4
 20
6967042.7
 30
0.0
 40
3.0
  1
65
 11
2552882.4
 21
6967042.7
 31
0.0
100
AcDbText
  0
TEXT
  5
191
330
17
100
AcDbEntity
  8
PT-ELEV
100
AcDbText
 10
2552882.4
 20
6967039.25
 30
0.0
 40
3.0
  1
510.22
 11
2552882.4
 21
6967039.25
 31
0.0
100
AcDbText
  0
TEXT
  5
192
330
17
100
AcDbEntity
  8
PT-DESC
100
AcDbText
 10
2552882.4
 20
6967035.8
 30
0.0
 40
3.0
  1
CL1
 11
2552882.4
 21
6967035.8
 31
0.0
100
AcDbText
  0
POINT
  5
193
330
17
100
AcDbEntity
  8
ROAD-CL
100
AcDbPoint
 10
2552920.0
 20
6967040.0
 30
510.36
  0
TEXT
  5
194
330
17
100
AcDbEntity
  8
PT-NUMBER
100
AcDbText
 10
2552922.4
 20
6967042.7
 30
0.0
 40
3.0
  1
66
 11
2552922.4
 21
6967042.7
 31
0.0
100
AcDbText
  0
TEXT
  5
195
330
17
100
AcDbEntity
  8
PT-ELEV
100
AcDbText
 10
2552922.4
 20
6967039.25
 30
0.0
 40
3.0
  1
510.36
 11
2552922.4
 21
6967039.25
 31
0.0
100
AcDbText
  0
TEXT
  5
196
330
17
100
AcDbEntity
  8
PT-DESC
100
AcDbText
 10
2552922.4
 20
6967035.8
 30
0.0
 40
3.0
  1
CL1
 11
2552922.4
 21
6967035.8
 31
0.0
100
AcDbText
  0
POINT
  5
197
330
17
100
AcDbEntity
  8
ROAD-CL
100
AcDbPoint
 10
2552960.0
 20
6967040.0
 30
510.6
  0
TEXT
  5
198
330
17
100
AcDbEntity
  8
PT-NUMBER
100
AcDbText
 10
2552962.4
 20
6967042.7
 30
0.0
 40
3.0
  1
67
 11
2552962.4
 21
6967042.7
 31
0.0
100
AcDbText
  0
TEXT
  5
199
330
17
100
AcDbEntity
  8
PT-ELEV
100
AcDbText
 10
2552962.4
 20
6967039.25
 30
0.0
 40
3.0
  1
510.60
 11
2552962.4
 21
6967039.25
 31
0.0
100
AcDbText
  0
TEXT
  5
19A
330
17
100
AcDbEntity
  8
PT-DESC
100
AcDbText
 10
2552962.4
 20
6967035.8
 30
0.0
 40
3.0
  1
CL1
 11
2552962.4
 21
6967035.8
 31
0.0
100
AcDbText
  0
POINT
  5
19B
330
17
100
AcDbEntity
  8
ROAD-CL
100
AcDbPoint
 10
2553000.0
 20
6967040.0
 30
510.67
  0
TEXT
  5
19C
330
17
100
AcDbEntity
  8
PT-NUMBER
100
AcDbText
 10
2553002.4
 20
6967042.7
 30
0.0
 40
3.0
  1
68
 11
2553002.4
 21
6967042.7
 31
0.0
100
AcDbText
  0
TEXT
  5
19D
330
17
100
AcDbEntity
  8
PT-ELEV
100
AcDbText
 10
2553002.4
 20
6967039.25
 30
0.0
 40
3.0
  1
510.67
 11
2553002.4
 21
6967039.25
 31
0.0
100
AcDbText
  0
TEXT
  5
19E
330
17
100
AcDbEntity
  8
PT-DESC
100
AcDbText
 10
2553002.4
 20
6967035.8
 30
0.0
 40
3.0
  1
CL1
 11
2553002.4
 21
6967035.8
 31
0.0
100
AcDbText
  0
POINT
  5
19F
330
17
100
AcDbEntity
  8
ROAD-CL
100
AcDbPoint
 10
2553040.0
 20
6967040.0
 30
510.32
  0
TEXT
  5
1A0
330
17
100
AcDbEntity
  8
PT-NUMBER
100
AcDbText
 10
2553042.4
 20
6967042.7
 30
0.0
 40
3.0
  1
69
 11
2553042.4
 21
6967042.7
 31
0.0
100
AcDbText
  0
TEXT
  5
1A1
330
17
100
AcDbEntity
  8
PT-ELEV
100
AcDbText
 10
2553042.4
 20
6967039.25
 30
0.0
 40
3.0
  1
510.32
 11
2553042.4
 21
6967039.25
 31
0.0
100
AcDbText
  0
TEXT
  5
1A2
330
17
100
AcDbEntity
  8
PT-DESC
100
AcDbText
 10
2553042.4
 20
6967035.8
 30
0.0
 40
3.0
  1
CL1
 11
2553042.4
 21
6967035.8
 31
0.0
100
AcDbText
  0
POINT
  5
1A3
330
17
100
AcDbEntity
  8
ROAD-CL
100
AcDbPoint
 10
2553080.0
 20
6967040.0
 30
509.48
  0
TEXT
  5
1A4
330
17
100
AcDbEntity
  8
PT-NUMBER
100
AcDbText
 10
2553082.4
 20
6967042.7
 30
0.0
 40
3.0
  1
70
 11
2553082.4
 21
6967042.7
 31
0.0
100
AcDbText
  0
TEXT
  5
1A5
330
17
100
AcDbEntity
  8
PT-ELEV
100
AcDbText
 10
2553082.4
 20
6967039.25
 30
0.0
 40
3.0
  1
509.48
 11
2553082.4
 21
6967039.25
 31
0.0
100
AcDbText
  0
TEXT
  5
1A6
330
17
100
AcDbEntity
  8
PT-DESC
100
AcDbText
 10
2553082.4
 20
6967035.8
 30
0.0
 40
3.0
  1
CL1
 11
2553082.4
 21
6967035.8
 31
0.0
100
AcDbText
  0
POINT
  5
1A7
330
17
100
AcDbEntity
  8
ROAD-CL
100
AcDbPoint
 10
2553120.0
 20
6967040.0
 30
508.32
  0
TEXT
  5
1A8
330
17
100
AcDbEntity
  8
PT-NUMBER
100
AcDbText
 10
2553122.4
 20
6967042.7
 30
0.0
 40
3.0
  1
71
 11
2553122.4
 21
6967042.7
 31
0.0
100
AcDbText
  0
TEXT
  5
1A9
330
17
100
AcDbEntity
  8
PT-ELEV
100
AcDbText
 10
2553122.4
 20
6967039.25
 30
0.0
 40
3.0
  1
508.32
 11
2553122.4
 21
6967039.25
 31
0.0
100
AcDbText
  0
TEXT
  5
1AA
330
17
100
AcDbEntity
  8
PT-DESC
100
AcDbText
 10
2553122.4
 20
6967035.8
 30
0.0
 40
3.0
  1
CL1
 11
2553122.4
 21
6967035.8
 31
0.0
100
AcDbText
  0
POINT
  5
1AB
330
17
100
AcDbEntity
  8
ROAD-CL
100
AcDbPoint
 10
2553160.0
 20
6967040.0
 30
507.15
  0
TEXT
  5
1AC
330
17
100
AcDbEntity
  8
PT-NUMBER
100
AcDbText
 10
2553162.4
 20
6967042.7
 30
0.0
 40
3.0
  1
72
 11
2553162.4
 21
6967042.7
 31
0.0
100
AcDbText
  0
TEXT
  5
1AD
330
17
100
AcDbEntity
  8
PT-ELEV
100
AcDbText
 10
2553162.4
 20
6967039.25
 30
0.0
 40
3.0
  1
507.15
 11
2553162.4
 21
6967039.25
 31
0.0
100
AcDbText
  0
TEXT
  5
1AE
330
17
100
AcDbEntity
  8
PT-DESC
100
AcDbText
 10
2553162.4
 20
6967035.8
 30
0.0
 40
3.0
  1
CL1
 11
2553162.4
 21
6967035.8
 31
0.0
100
AcDbText
  0
POINT
  5
1AF
330
17
100
AcDbEntity
  8
ROAD-CL
100
AcDbPoint
 10
2553200.0
 20
6967040.0
 30
506.15
  0
TEXT
  5
1B0
330
17
100
AcDbEntity
  8
PT-NUMBER
100
AcDbText
 10
2553202.4
 20
6967042.7
 30
0.0
 40
3.0
  1
73
 11
2553202.4
 21
6967042.7
 31
0.0
100
AcDbText
  0
TEXT
  5
1B1
330
17
100
AcDbEntity
  8
PT-ELEV
100
AcDbText
 10
2553202.4
 20
6967039.25
 30
0.0
 40
3.0
  1
506.15
 11
2553202.4
 21
6967039.25
 31
0.0
100
AcDbText
  0
TEXT
  5
1B2
330
17
100
AcDbEntity
  8
PT-DESC
100
AcDbText
 10
2553202.4
 20
6967035.8
 30
0.0
 40
3.0
  1
CL1
 11
2553202.4
 21
6967035.8
 31
0.0
100
AcDbText
  0
POINT
  5
1B3
330
17
100
AcDbEntity
  8
ROAD-CL
100
AcDbPoint
 10
2553160.0
 20
6967080.0
 30
508.39
  0
TEXT
  5
1B4
330
17
100
AcDbEntity
  8
PT-NUMBER
100
AcDbText
 10
2553162.4
 20
6967082.7
 30
0.0
 40
3.0
  1
74
 11
2553162.4
 21
6967082.7
 31
0.0
100
AcDbText
  0
TEXT
  5
1B5
330
17
100
AcDbEntity
  8
PT-ELEV
100
AcDbText
 10
2553162.4
 20
6967079.25
 30
0.0
 40
3.0
  1
508.39
 11
2553162.4
 21
6967079.25
 31
0.0
100
AcDbText
  0
TEXT
  5
1B6
330
17
100
AcDbEntity
  8
PT-DESC
100
AcDbText
 10
2553162.4
 20
6967075.8
 30
0.0
 40
3.0
  1
CL2 B
 11
2553162.4
 21
6967075.8
 31
0.0
100
AcDbText
  0
POINT
  5
1B7
330
17
100
AcDbEntity
  8
ROAD-CL
100
AcDbPoint
 10
2553160.0
 20
6967132.0
 30
509.56
  0
TEXT
  5
1B8
330
17
100
AcDbEntity
  8
PT-NUMBER
100
AcDbText
 10
2553162.4
 20
6967134.7
 30
0.0
 40
3.0
  1
75
 11
2553162.4
 21
6967134.7
 31
0.0
100
AcDbText
  0
TEXT
  5
1B9
330
17
100
AcDbEntity
  8
PT-ELEV
100
AcDbText
 10
2553162.4
 20
6967131.25
 30
0.0
 40
3.0
  1
509.56
 11
2553162.4
 21
6967131.25
 31
0.0
100
AcDbText
  0
TEXT
  5
1BA
330
17
100
AcDbEntity
  8
PT-DESC
100
AcDbText
 10
2553162.4
 20
6967127.8
 30
0.0
 40
3.0
  1
CL2
 11
2553162.4
 21
6967127.8
 31
0.0
100
AcDbText
  0
POINT
  5
1BB
330
17
100
AcDbEntity
  8
ROAD-CL
100
AcDbPoint
 10
2553160.0
 20
6967184.0
 30
509.67
  0
TEXT
  5
1BC
330
17
100
AcDbEntity
  8
PT-NUMBER
100
AcDbText
 10
2553162.4
 20
6967186.7
 30
0.0
 40
3.0
  1
76
 11
2553162.4
 21
6967186.7
 31
0.0
100
AcDbText
  0
TEXT
  5
1BD
330
17
100
AcDbEntity
  8
PT-ELEV
100
AcDbText
 10
2553162.4
 20
6967183.25
 30
0.0
 40
3.0
  1
509.67
 11
2553162.4
 21
6967183.25
 31
0.0
100
AcDbText
  0
TEXT
  5
1BE
330
17
100
AcDbEntity
  8
PT-DESC
100
AcDbText
 10
2553162.4
 20
6967179.8
 30
0.0
 40
3.0
  1
CL2
 11
2553162.4
 21
6967179.8
 31
0.0
100
AcDbText
  0
POINT
  5
1BF
330
17
100
AcDbEntity
  8
ROAD-CL
100
AcDbPoint
 10
2553160.0
 20
6967236.0
 30
509.62
  0
TEXT
  5
1C0
330
17
100
AcDbEntity
  8
PT-NUMBER
100
AcDbText
 10
2553162.4
 20
6967238.7
 30
0.0
 40
3.0
  1
77
 11
2553162.4
 21
6967238.7
 31
0.0
100
AcDbText
  0
TEXT
  5
1C1
330
17
100
AcDbEntity
  8
PT-ELEV
100
AcDbText
 10
2553162.4
 20
6967235.25
 30
0.0
 40
3.0
  1
509.62
 11
2553162.4
 21
6967235.25
 31
0.0
100
AcDbText
  0
TEXT
  5
1C2
330
17
100
AcDbEntity
  8
PT-DESC
100
AcDbText
 10
2553162.4
 20
6967231.8
 30
0.0
 40
3.0
  1
CL2
 11
2553162.4
 21
6967231.8
 31
0.0
100
AcDbText
  0
POINT
  5
1C3
330
17
100
AcDbEntity
  8
ROAD-CL
100
AcDbPoint
 10
2553160.0
 20
6967288.0
 30
510.72
  0
TEXT
  5
1C4
330
17
100
AcDbEntity
  8
PT-NUMBER
100
AcDbText
 10
2553162.4
 20
6967290.7
 30
0.0
 40
3.0
  1
78
 11
2553162.4
 21
6967290.7
 31
0.0
100
AcDbText
  0
TEXT
  5
1C5
330
17
100
AcDbEntity
  8
PT-ELEV
100
AcDbText
 10
2553162.4
 20
6967287.25
 30
0.0
 40
3.0
  1
510.72
 11
2553162.4
 21
6967287.25
 31
0.0
100
AcDbText
  0
TEXT
  5
1C6
330
17
100
AcDbEntity
  8
PT-DESC
100
AcDbText
 10
2553162.4
 20
6967283.8
 30
0.0
 40
3.0
  1
CL2
 11
2553162.4
 21
6967283.8
 31
0.0
100
AcDbText
  0
POINT
  5
1C7
330
17
100
AcDbEntity
  8
ROAD-CL
100
AcDbPoint
 10
2553160.0
 20
6967340.0
 30
512.11
  0
TEXT
  5
1C8
330
17
100
AcDbEntity
  8
PT-NUMBER
100
AcDbText
 10
2553162.4
 20
6967342.7
 30
0.0
 40
3.0
  1
79
 11
2553162.4
 21
6967342.7
 31
0.0
100
AcDbText
  0
TEXT
  5
1C9
330
17
100
AcDbEntity
  8
PT-ELEV
100
AcDbText
 10
2553162.4
 20
6967339.25
 30
0.0
 40
3.0
  1
512.11
 11
2553162.4
 21
6967339.25
 31
0.0
100
AcDbText
  0
TEXT
  5
1CA
330
17
100
AcDbEntity
  8
PT-DESC
100
AcDbText
 10
2553162.4
 20
6967335.8
 30
0.0
 40
3.0
  1
CL2 E
 11
2553162.4
 21
6967335.8
 31
0.0
100
AcDbText
  0
POINT
  5
1CC
330
17
100
AcDbEntity
  8
ROAD-SIDEWALK
100
AcDbPoint
 10
2552610.0
 20
6967060.0
 30
513.03
  0
TEXT
  5
1CD
330
17
100
AcDbEntity
  8
PT-NUMBER
100
AcDbText
 10
2552612.4
 20
6967062.7
 30
0.0
 40
3.0
  1
80
 11
2552612.4
 21
6967062.7
 31
0.0
100
AcDbText
  0
TEXT
  5
1CE
330
17
100
AcDbEntity
  8
PT-ELEV
100
AcDbText
 10
2552612.4
 20
6967059.25
 30
0.0
 40
3.0
  1
513.03
 11
2552612.4
 21
6967059.25
 31
0.0
100
AcDbText
  0
TEXT
  5
1CF
330
17
100
AcDbEntity
  8
PT-DESC
100
AcDbText
 10
2552612.4
 20
6967055.8
 30
0.0
 40
3.0
  1
SW1 B
 11
2552612.4
 21
6967055.8
 31
0.0
100
AcDbText
  0
POINT
  5
1D0
330
17
100
AcDbEntity
  8
ROAD-SIDEWALK
100
AcDbPoint
 10
2552676.0
 20
6967060.0
 30
512.24
  0
TEXT
  5
1D1
330
17
100
AcDbEntity
  8
PT-NUMBER
100
AcDbText
 10
2552678.4
 20
6967062.7
 30
0.0
 40
3.0
  1
81
 11
2552678.4
 21
6967062.7
 31
0.0
100
AcDbText
  0
TEXT
  5
1D2
330
17
100
AcDbEntity
  8
PT-ELEV
100
AcDbText
 10
2552678.4
 20
6967059.25
 30
0.0
 40
3.0
  1
512.24
 11
2552678.4
 21
6967059.25
 31
0.0
100
AcDbText
  0
TEXT
  5
1D3
330
17
100
AcDbEntity
  8
PT-DESC
100
AcDbText
 10
2552678.4
 20
6967055.8
 30
0.0
 40
3.0
  1
SW1
 11
2552678.4
 21
6967055.8
 31
0.0
100
AcDbText
  0
POINT
  5
1D4
330
17
100
AcDbEntity
  8
ROAD-SIDEWALK
100
AcDbPoint
 10
2552742.0
 20
6967060.0
 30
511.47
  0
TEXT
  5
1D5
330
17
100
AcDbEntity
  8
PT-NUMBER
100
AcDbText
 10
2552744.4
 20
6967062.7
 30
0.0
 40
3.0
  1
82
 11
2552744.4
 21
6967062.7
 31
0.0
100
AcDbText
  0
TEXT
  5
1D6
330
17
100
AcDbEntity
  8
PT-ELEV
100
AcDbText
 10
2552744.4
 20
6967059.25
 30
0.0
 40
3.0
  1
511.47
 11
2552744.4
 21
6967059.25
 31
0.0
100
AcDbText
  0
TEXT
  5
1D7
330
17
100
AcDbEntity
  8
PT-DESC
100
AcDbText
 10
2552744.4
 20
6967055.8
 30
0.0
 40
3.0
  1
SW1
 11
2552744.4
 21
6967055.8
 31
0.0
100
AcDbText
  0
POINT
  5
1D8
330
17
100
AcDbEntity
  8
ROAD-SIDEWALK
100
AcDbPoint
 10
2552808.0
 20
6967060.0
 30
510.84
  0
TEXT
  5
1D9
330
17
100
AcDbEntity
  8
PT-NUMBER
100
AcDbText
 10
2552810.4
 20
6967062.7
 30
0.0
 40
3.0
  1
83
 11
2552810.4
 21
6967062.7
 31
0.0
100
AcDbText
  0
TEXT
  5
1DA
330
17
100
AcDbEntity
  8
PT-ELEV
100
AcDbText
 10
2552810.4
 20
6967059.25
 30
0.0
 40
3.0
  1
510.84
 11
2552810.4
 21
6967059.25
 31
0.0
100
AcDbText
  0
TEXT
  5
1DB
330
17
100
AcDbEntity
  8
PT-DESC
100
AcDbText
 10
2552810.4
 20
6967055.8
 30
0.0
 40
3.0
  1
SW1
 11
2552810.4
 21
6967055.8
 31
0.0
100
AcDbText
  0
POINT
  5
1DC
330
17
100
AcDbEntity
  8
ROAD-SIDEWALK
100
AcDbPoint
 10
2552874.0
 20
6967060.0
 30
510.67
  0
TEXT
  5
1DD
330
17
100
AcDbEntity
  8
PT-NUMBER
100
AcDbText
 10
2552876.4
 20
6967062.7
 30
0.0
 40
3.0
  1
84
 11
2552876.4
 21
6967062.7
 31
0.0
100
AcDbText
  0
TEXT
  5
1DE
330
17
100
AcDbEntity
  8
PT-ELEV
100
AcDbText
 10
2552876.4
 20
6967059.25
 30
0.0
 40
3.0
  1
510.67
 11
2552876.4
 21
6967059.25
 31
0.0
100
AcDbText
  0
TEXT
  5
1DF
330
17
100
AcDbEntity
  8
PT-DESC
100
AcDbText
 10
2552876.4
 20
6967055.8
 30
0.0
 40
3.0
  1
SW1
 11
2552876.4
 21
6967055.8
 31
0.0
100
AcDbText
  0
POINT
  5
1E0
330
17
100
AcDbEntity
  8
ROAD-SIDEWALK
100
AcDbPoint
 10
2552940.0
 20
6967060.0
 30
511.19
  0
TEXT
  5
1E1
330
17
100
AcDbEntity
  8
PT-NUMBER
100
AcDbText
 10
2552942.4
 20
6967062.7
 30
0.0
 40
3.0
  1
85
 11
2552942.4
 21
6967062.7
 31
0.0
100
AcDbText
  0
TEXT
  5
1E2
330
17
100
AcDbEntity
  8
PT-ELEV
100
AcDbText
 10
2552942.4
 20
6967059.25
 30
0.0
 40
3.0
  1
511.19
 11
2552942.4
 21
6967059.25
 31
0.0
100
AcDbText
  0
TEXT
  5
1E3
330
17
100
AcDbEntity
  8
PT-DESC
100
AcDbText
 10
2552942.4
 20
6967055.8
 30
0.0
 40
3.0
  1
SW1
 11
2552942.4
 21
6967055.8
 31
0.0
100
AcDbText
  0
POINT
  5
1E4
330
17
100
AcDbEntity
  8
ROAD-SIDEWALK
100
AcDbPoint
 10
2553006.0
 20
6967060.0
 30
511.58
  0
TEXT
  5
1E5
330
17
100
AcDbEntity
  8
PT-NUMBER
100
AcDbText
 10
2553008.4
 20
6967062.7
 30
0.0
 40
3.0
  1
86
 11
2553008.4
 21
6967062.7
 31
0.0
100
AcDbText
  0
TEXT
  5
1E6
330
17
100
AcDbEntity
  8
PT-ELEV
100
AcDbText
 10
2553008.4
 20
6967059.25
 30
0.0
 40
3.0
  1
511.58
 11
2553008.4
 21
6967059.25
 31
0.0
100
AcDbText
  0
TEXT
  5
1E7
330
17
100
AcDbEntity
  8
PT-DESC
100
AcDbText
 10
2553008.4
 20
6967055.8
 30
0.0
 40
3.0
  1
SW1
 11
2553008.4
 21
6967055.8
 31
0.0
100
AcDbText
  0
POINT
  5
1E8
330
17
100
AcDbEntity
  8
ROAD-SIDEWALK
100
AcDbPoint
 10
2553072.0
 20
6967060.0
 30
510.57
  0
TEXT
  5
1E9
330
17
100
AcDbEntity
  8
PT-NUMBER
100
AcDbText
 10
2553074.4
 20
6967062.7
 30
0.0
 40
3.0
  1
87
 11
2553074.4
 21
6967062.7
 31
0.0
100
AcDbText
  0
TEXT
  5
1EA
330
17
100
AcDbEntity
  8
PT-ELEV
100
AcDbText
 10
2553074.4
 20
6967059.25
 30
0.0
 40
3.0
  1
510.57
 11
2553074.4
 21
6967059.25
 31
0.0
100
AcDbText
  0
TEXT
  5
1EB
330
17
100
AcDbEntity
  8
PT-DESC
100
AcDbText
 10
2553074.4
 20
6967055.8
 30
0.0
 40
3.0
  1
SW1
 11
2553074.4
 21
6967055.8
 31
0.0
100
AcDbText
  0
POINT
  5
1EC
330
17
100
AcDbEntity
  8
ROAD-SIDEWALK
100
AcDbPoint
 10
2553138.0
 20
6967060.0
 30
508.4
  0
TEXT
  5
1ED
330
17
100
AcDbEntity
  8
PT-NUMBER
100
AcDbText
 10
2553140.4
 20
6967062.7
 30
0.0
 40
3.0
  1
88
 11
2553140.4
 21
6967062.7
 31
0.0
100
AcDbText
  0
TEXT
  5
1EE
330
17
100
AcDbEntity
  8
PT-ELEV
100
AcDbText
 10
2553140.4
 20
6967059.25
 30
0.0
 40
3.0
  1
508.40
 11
2553140.4
 21
6967059.25
 31
0.0
100
AcDbText
  0
TEXT
  5
1EF
330
17
100
AcDbEntity
  8
PT-DESC
100
AcDbText
 10
2553140.4
 20
6967055.8
 30
0.0
 40
3.0
  1
SW1 E
 11
2553140.4
 21
6967055.8
 31
0.0
100
AcDbText
  0
POINT
  5
1F1
330
17
100
AcDbEntity
  8
BNDY-PL
100
AcDbPoint
 10
2552600.0
 20
6967062.0
 30
513.24
  0
TEXT
  5
1F2
330
17
100
AcDbEntity
  8
PT-NUMBER
100
AcDbText
 10
2552602.4
 20
6967064.7
 30
0.0
 40
3.0
  1
89
 11
2552602.4
 21
6967064.7
 31
0.0
100
AcDbText
  0
TEXT
  5
1F3
330
17
100
AcDbEntity
  8
PT-ELEV
100
AcDbText
 10
2552602.4
 20
6967061.25
 30
0.0
 40
3.0
  1
513.24
 11
2552602.4
 21
6967061.25
 31
0.0
100
AcDbText
  0
TEXT
  5
1F4
330
17
100
AcDbEntity
  8
PT-DESC
100
AcDbText
 10
2552602.4
 20
6967057.8
 30
0.0
 40
3.0
  1
PL1 B
 11
2552602.4
 21
6967057.8
 31
0.0
100
AcDbText
  0
POINT
  5
1F5
330
17
100
AcDbEntity
  8
BNDY-PL
100
AcDbPoint
 10
2553140.0
 20
6967062.0
 30
508.46
  0
TEXT
  5
1F6
330
17
100
AcDbEntity
  8
PT-NUMBER
100
AcDbText
 10
2553142.4
 20
6967064.7
 30
0.0
 40
3.0
  1
90
 11
2553142.4
 21
6967064.7
 31
0.0
100
AcDbText
  0
TEXT
  5
1F7
330
17
100
AcDbEntity
  8
PT-ELEV
100
AcDbText
 10
2553142.4
 20
6967061.25
 30
0.0
 40
3.0
  1
508.46
 11
2553142.4
 21
6967061.25
 31
0.0
100
AcDbText
  0
TEXT
  5
1F8
330
17
100
AcDbEntity
  8
PT-DESC
100
AcDbText
 10
2553142.4
 20
6967057.8
 30
0.0
 40
3.0
  1
PL1
 11
2553142.4
 21
6967057.8
 31
0.0
100
AcDbText
  0
POINT
  5
1F9
330
17
100
AcDbEntity
  8
BNDY-PL
100
AcDbPoint
 10
2553140.0
 20
6967345.0
 30
512.45
  0
TEXT
  5
1FA
330
17
100
AcDbEntity
  8
PT-NUMBER
100
AcDbText
 10
2553142.4
 20
6967347.7
 30
0.0
 40
3.0
  1
91
 11
2553142.4
 21
6967347.7
 31
0.0
100
AcDbText
  0
TEXT
  5
1FB
330
17
100
AcDbEntity
  8
PT-ELEV
100
AcDbText
 10
2553142.4
 20
6967344.25
 30
0.0
 40
3.0
  1
512.45
 11
2553142.4
 21
6967344.25
 31
0.0
100
AcDbText
  0
TEXT
  5
1FC
330
17
100
AcDbEntity
  8
PT-DESC
100
AcDbText
 10
2553142.4
 20
6967340.8
 30
0.0
 40
3.0
  1
PL1
 11
2553142.4
 21
6967340.8
 31
0.0
100
AcDbText
  0
POINT
  5
1FD
330
17
100
AcDbEntity
  8
BNDY-PL
100
AcDbPoint
 10
2552600.0
 20
6967345.0
 30
517.85
  0
TEXT
  5
1FE
330
17
100
AcDbEntity
  8
PT-NUMBER
100
AcDbText
 10
2552602.4
 20
6967347.7
 30
0.0
 40
3.0
  1
92
 11
2552602.4
 21
6967347.7
 31
0.0
100
AcDbText
  0
TEXT
  5
1FF
330
17
100
AcDbEntity
  8
PT-ELEV
100
AcDbText
 10
2552602.4
 20
6967344.25
 30
0.0
 40
3.0
  1
517.85
 11
2552602.4
 21
6967344.25
 31
0.0
100
AcDbText
  0
TEXT
  5
200
330
17
100
AcDbEntity
  8
PT-DESC
100
AcDbText
 10
2552602.4
 20
6967340.8
 30
0.0
 40
3.0
  1
PL1 CLS
 11
2552602.4
 21
6967340.8
 31
0.0
100
AcDbText
  0
POINT
  5
202
330
17
100
AcDbEntity
  8
SITE-FENCE
100
AcDbPoint
 10
2552600.0
 20
6967343.0
 30
517.78
  0
TEXT
  5
203
330
17
100
AcDbEntity
  8
PT-NUMBER
100
AcDbText
 10
2552602.4
 20
6967345.7
 30
0.0
 40
3.0
  1
93
 11
2552602.4
 21
6967345.7
 31
0.0
100
AcDbText
  0
TEXT
  5
204
330
17
100
AcDbEntity
  8
PT-ELEV
100
AcDbText
 10
2552602.4
 20
6967342.25
 30
0.0
 40
3.0
  1
517.78
 11
2552602.4
 21
6967342.25
 31
0.0
100
AcDbText
  0
TEXT
  5
205
330
17
100
AcDbEntity
  8
PT-DESC
100
AcDbText
 10
2552602.4
 20
6967338.8
 30
0.0
 40
3.0
  1
FNC1 B
 11
2552602.4
 21
6967338.8
 31
0.0
100
AcDbText
  0
POINT
  5
206
330
17
100
AcDbEntity
  8
SITE-FENCE
100
AcDbPoint
 10
2552690.0
 20
6967343.0
 30
516.88
  0
TEXT
  5
207
330
17
100
AcDbEntity
  8
PT-NUMBER
100
AcDbText
 10
2552692.4
 20
6967345.7
 30
0.0
 40
3.0
  1
94
 11
2552692.4
 21
6967345.7
 31
0.0
100
AcDbText
  0
TEXT
  5
208
330
17
100
AcDbEntity
  8
PT-ELEV
100
AcDbText
 10
2552692.4
 20
6967342.25
 30
0.0
 40
3.0
  1
516.88
 11
2552692.4
 21
6967342.25
 31
0.0
100
AcDbText
  0
TEXT
  5
209
330
17
100
AcDbEntity
  8
PT-DESC
100
AcDbText
 10
2552692.4
 20
6967338.8
 30
0.0
 40
3.0
  1
FNC1
 11
2552692.4
 21
6967338.8
 31
0.0
100
AcDbText
  0
POINT
  5
20A
330
17
100
AcDbEntity
  8
SITE-FENCE
100
AcDbPoint
 10
2552780.0
 20
6967343.0
 30
516.0
  0
TEXT
  5
20B
330
17
100
AcDbEntity
  8
PT-NUMBER
100
AcDbText
 10
2552782.4
 20
6967345.7
 30
0.0
 40
3.0
  1
95
 11
2552782.4
 21
6967345.7
 31
0.0
100
AcDbText
  0
TEXT
  5
20C
330
17
100
AcDbEntity
  8
PT-ELEV
100
AcDbText
 10
2552782.4
 20
6967342.25
 30
0.0
 40
3.0
  1
516.00
 11
2552782.4
 21
6967342.25
 31
0.0
100
AcDbText
  0
TEXT
  5
20D
330
17
100
AcDbEntity
  8
PT-DESC
100
AcDbText
 10
2552782.4
 20
6967338.8
 30
0.0
 40
3.0
  1
FNC1
 11
2552782.4
 21
6967338.8
 31
0.0
100
AcDbText
  0
POINT
  5
20E
330
17
100
AcDbEntity
  8
SITE-FENCE
100
AcDbPoint
 10
2552870.0
 20
6967343.0
 30
515.17
  0
TEXT
  5
20F
330
17
100
AcDbEntity
  8
PT-NUMBER
100
AcDbText
 10
2552872.4
 20
6967345.7
 30
0.0
 40
3.0
  1
96
 11
2552872.4
 21
6967345.7
 31
0.0
100
AcDbText
  0
TEXT
  5
210
330
17
100
AcDbEntity
  8
PT-ELEV
100
AcDbText
 10
2552872.4
 20
6967342.25
 30
0.0
 40
3.0
  1
515.17
 11
2552872.4
 21
6967342.25
 31
0.0
100
AcDbText
  0
TEXT
  5
211
330
17
100
AcDbEntity
  8
PT-DESC
100
AcDbText
 10
2552872.4
 20
6967338.8
 30
0.0
 40
3.0
  1
FNC1
 11
2552872.4
 21
6967338.8
 31
0.0
100
AcDbText
  0
POINT
  5
212
330
17
100
AcDbEntity
  8
SITE-FENCE
100
AcDbPoint
 10
2552960.0
 20
6967343.0
 30
514.47
  0
TEXT
  5
213
330
17
100
AcDbEntity
  8
PT-NUMBER
100
AcDbText
 10
2552962.4
 20
6967345.7
 30
0.0
 40
3.0
  1
97
 11
2552962.4
 21
6967345.7
 31
0.0
100
AcDbText
  0
TEXT
  5
214
330
17
100
AcDbEntity
  8
PT-ELEV
100
AcDbText
 10
2552962.4
 20
6967342.25
 30
0.0
 40
3.0
  1
514.47
 11
2552962.4
 21
6967342.25
 31
0.0
100
AcDbText
  0
TEXT
  5
215
330
17
100
AcDbEntity
  8
PT-DESC
100
AcDbText
 10
2552962.4
 20
6967338.8
 30
0.0
 40
3.0
  1
FNC1
 11
2552962.4
 21
6967338.8
 31
0.0
100
AcDbText
  0
POINT
  5
216
330
17
100
AcDbEntity
  8
SITE-FENCE
100
AcDbPoint
 10
2553050.0
 20
6967343.0
 30
513.6
  0
TEXT
  5
217
330
17
100
AcDbEntity
  8
PT-NUMBER
100
AcDbText
 10
2553052.4
 20
6967345.7
 30
0.0
 40
3.0
  1
98
 11
2553052.4
 21
6967345.7
 31
0.0
100
AcDbText
  0
TEXT
  5
218
330
17
100
AcDbEntity
  8
PT-ELEV
100
AcDbText
 10
2553052.4
 20
6967342.25
 30
0.0
 40
3.0
  1
513.60
 11
2553052.4
 21
6967342.25
 31
0.0
100
AcDbText
  0
TEXT
  5
219
330
17
100
AcDbEntity
  8
PT-DESC
100
AcDbText
 10
2553052.4
 20
6967338.8
 30
0.0
 40
3.0
  1
FNC1
 11
2553052.4
 21
6967338.8
 31
0.0
100
AcDbText
  0
POINT
  5
21A
330
17
100
AcDbEntity
  8
SITE-FENCE
100
AcDbPoint
 10
2553140.0
 20
6967343.0
 30
512.4
  0
TEXT
  5
21B
330
17
100
AcDbEntity
  8
PT-NUMBER
100
AcDbText
 10
2553142.4
 20
6967345.7
 30
0.0
 40
3.0
  1
99
 11
2553142.4
 21
6967345.7
 31
0.0
100
AcDbText
  0
TEXT
  5
21C
330
17
100
AcDbEntity
  8
PT-ELEV
100
AcDbText
 10
2553142.4
 20
6967342.25
 30
0.0
 40
3.0
  1
512.40
 11
2553142.4
 21
6967342.25
 31
0.0
100
AcDbText
  0
TEXT
  5
21D
330
17
100
AcDbEntity
  8
PT-DESC
100
AcDbText
 10
2553142.4
 20
6967338.8
 30
0.0
 40
3.0
  1
FNC1 E
 11
2553142.4
 21
6967338.8
 31
0.0
100
AcDbText
  0
POINT
  5
21F
330
17
100
AcDbEntity
  8
STRUCT-BLDG
100
AcDbPoint
 10
2552750.0
 20
6967170.0
 30
514.92
  0
TEXT
  5
220
330
17
100
AcDbEntity
  8
PT-NUMBER
100
AcDbText
 10
2552752.4
 20
6967172.7
 30
0.0
 40
3.0
  1
100
 11
2552752.4
 21
6967172.7
 31
0.0
100
AcDbText
  0
TEXT
  5
221
330
17
100
AcDbEntity
  8
PT-ELEV
100
AcDbText
 10
2552752.4
 20
6967169.25
 30
0.0
 40
3.0
  1
514.92
 11
2552752.4
 21
6967169.25
 31
0.0
100
AcDbText
  0
TEXT
  5
222
330
17
100
AcDbEntity
  8
PT-DESC
100
AcDbText
 10
2552752.4
 20
6967165.8
 30
0.0
 40
3.0
  1
BLDG
 11
2552752.4
 21
6967165.8
 31
0.0
100
AcDbText
  0
POINT
  5
223
330
17
100
AcDbEntity
  8
STRUCT-BLDG
100
AcDbPoint
 10
2552840.0
 20
6967170.0
 30
514.92
  0
TEXT
  5
224
330
17
100
AcDbEntity
  8
PT-NUMBER
100
AcDbText
 10
2552842.4
 20
6967172.7
 30
0.0
 40
3.0
  1
101
 11
2552842.4
 21
6967172.7
 31
0.0
100
AcDbText
  0
TEXT
  5
225
330
17
100
AcDbEntity
  8
PT-ELEV
100
AcDbText
 10
2552842.4
 20
6967169.25
 30
0.0
 40
3.0
  1
514.92
 11
2552842.4
 21
6967169.25
 31
0.0
100
AcDbText
  0
TEXT
  5
226
330
17
100
AcDbEntity
  8
PT-DESC
100
AcDbText
 10
2552842.4
 20
6967165.8
 30
0.0
 40
3.0
  1
BLDG
 11
2552842.4
 21
6967165.8
 31
0.0
100
AcDbText
  0
POINT
  5
227
330
17
100
AcDbEntity
  8
STRUCT-BLDG
100
AcDbPoint
 10
2552840.0
 20
6967224.0
 30
514.92
  0
TEXT
  5
228
330
17
100
AcDbEntity
  8
PT-NUMBER
100
AcDbText
 10
2552842.4
 20
6967226.7
 30
0.0
 40
3.0
  1
102
 11
2552842.4
 21
6967226.7
 31
0.0
100
AcDbText
  0
TEXT
  5
229
330
17
100
AcDbEntity
  8
PT-ELEV
100
AcDbText
 10
2552842.4
 20
6967223.25
 30
0.0
 40
3.0
  1
514.92
 11
2552842.4
 21
6967223.25
 31
0.0
100
AcDbText
  0
TEXT
  5
22A
330
17
100
AcDbEntity
  8
PT-DESC
100
AcDbText
 10
2552842.4
 20
6967219.8
 30
0.0
 40
3.0
  1
BLDG
 11
2552842.4
 21
6967219.8
 31
0.0
100
AcDbText
  0
POINT
  5
22B
330
17
100
AcDbEntity
  8
STRUCT-BLDG
100
AcDbPoint
 10
2552750.0
 20
6967224.0
 30
514.92
  0
TEXT
  5
22C
330
17
100
AcDbEntity
  8
PT-NUMBER
100
AcDbText
 10
2552752.4
 20
6967226.7
 30
0.0
 40
3.0
  1
103
 11
2552752.4
 21
6967226.7
 31
0.0
100
AcDbText
  0
TEXT
  5
22D
330
17
100
AcDbEntity
  8
PT-ELEV
100
AcDbText
 10
2552752.4
 20
6967223.25
 30
0.0
 40
3.0
  1
514.92
 11
2552752.4
 21
6967223.25
 31
0.0
100
AcDbText
  0
TEXT
  5
22E
330
17
100
AcDbEntity
  8
PT-DESC
100
AcDbText
 10
2552752.4
 20
6967219.8
 30
0.0
 40
3.0
  1
BLDG
 11
2552752.4
 21
6967219.8
 31
0.0
100
AcDbText
  0
POINT
  5
230
330
17
100
AcDbEntity
  8
STRUCT-FFE
100
AcDbPoint
 10
2552795.0
 20
6967197.0
 30
515.27
  0
TEXT
  5
231
330
17
100
AcDbEntity
  8
PT-NUMBER
100
AcDbText
 10
2552797.4
 20
6967199.7
 30
0.0
 40
3.0
  1
104
 11
2552797.4
 21
6967199.7
 31
0.0
100
AcDbText
  0
TEXT
  5
232
330
17
100
AcDbEntity
  8
PT-ELEV
100
AcDbText
 10
2552797.4
 20
6967196.25
 30
0.0
 40
3.0
  1
515.27
 11
2552797.4
 21
6967196.25
 31
0.0
100
AcDbText
  0
TEXT
  5
233
330
17
100
AcDbEntity
  8
PT-DESC
100
AcDbText
 10
2552797.4
 20
6967192.8
 30
0.0
 40
3.0
  1
FFE
 11
2552797.4
 21
6967192.8
 31
0.0
100
AcDbText
  0
POINT
  5
234
330
17
100
AcDbEntity
  8
ROAD-EP
100
AcDbPoint
 10
2552720.0
 20
6967100.0
 30
512.52
  0
TEXT
  5
235
330
17
100
AcDbEntity
  8
PT-NUMBER
100
AcDbText
 10
2552722.4
 20
6967102.7
 30
0.0
 40
3.0
  1
105
 11
2552722.4
 21
6967102.7
 31
0.0
100
AcDbText
  0
TEXT
  5
236
330
17
100
AcDbEntity
  8
PT-ELEV
100
AcDbText
 10
2552722.4
 20
6967099.25
 30
0.0
 40
3.0
  1
512.52
 11
2552722.4
 21
6967099.25
 31
0.0
100
AcDbText
  0
TEXT
  5
237
330
17
100
AcDbEntity
  8
PT-DESC
100
AcDbText
 10
2552722.4
 20
6967095.8
 30
0.0
 40
3.0
  1
EP4 B
 11
2552722.4
 21
6967095.8
 31
0.0
100
AcDbText
  0
POINT
  5
238
330
17
100
AcDbEntity
  8
ROAD-EP
100
AcDbPoint
 10
2552880.0
 20
6967100.0
 30
511.78
  0
TEXT
  5
239
330
17
100
AcDbEntity
  8
PT-NUMBER
100
AcDbText
 10
2552882.4
 20
6967102.7
 30
0.0
 40
3.0
  1
106
 11
2552882.4
 21
6967102.7
 31
0.0
100
AcDbText
  0
TEXT
  5
23A
330
17
100
AcDbEntity
  8
PT-ELEV
100
AcDbText
 10
2552882.4
 20
6967099.25
 30
0.0
 40
3.0
  1
511.78
 11
2552882.4
 21
6967099.25
 31
0.0
100
AcDbText
  0
TEXT
  5
23B
330
17
100
AcDbEntity
  8
PT-DESC
100
AcDbText
 10
2552882.4
 20
6967095.8
 30
0.0
 40
3.0
  1
EP4
 11
2552882.4
 21
6967095.8
 31
0.0
100
AcDbText
  0
POINT
  5
23C
330
17
100
AcDbEntity
  8
ROAD-EP
100
AcDbPoint
 10
2552880.0
 20
6967150.0
 30
512.77
  0
TEXT
  5
23D
330
17
100
AcDbEntity
  8
PT-NUMBER
100
AcDbText
 10
2552882.4
 20
6967152.7
 30
0.0
 40
3.0
  1
107
 11
2552882.4
 21
6967152.7
 31
0.0
100
AcDbText
  0
TEXT
  5
23E
330
17
100
AcDbEntity
  8
PT-ELEV
100
AcDbText
 10
2552882.4
 20
6967149.25
 30
0.0
 40
3.0
  1
512.77
 11
2552882.4
 21
6967149.25
 31
0.0
100
AcDbText
  0
TEXT
  5
23F
330
17
100
AcDbEntity
  8
PT-DESC
100
AcDbText
 10
2552882.4
 20
6967145.8
 30
0.0
 40
3.0
  1
EP4
 11
2552882.4
 21
6967145.8
 31
0.0
100
AcDbText
  0
POINT
  5
240
330
17
100
AcDbEntity
  8
ROAD-EP
100
AcDbPoint
 10
2552720.0
 20
6967150.0
 30
513.47
  0
TEXT
  5
241
330
17
100
AcDbEntity
  8
PT-NUMBER
100
AcDbText
 10
2552722.4
 20
6967152.7
 30
0.0
 40
3.0
  1
108
 11
2552722.4
 21
6967152.7
 31
0.0
100
AcDbText
  0
TEXT
  5
242
330
17
100
AcDbEntity
  8
PT-ELEV
100
AcDbText
 10
2552722.4
 20
6967149.25
 30
0.0
 40
3.0
  1
513.47
 11
2552722.4
 21
6967149.25
 31
0.0
100
AcDbText
  0
TEXT
  5
243
330
17
100
AcDbEntity
  8
PT-DESC
100
AcDbText
 10
2552722.4
 20
6967145.8
 30
0.0
 40
3.0
  1
EP4 CLS
 11
2552722.4
 21
6967145.8
 31
0.0
100
AcDbText
  0
POINT
  5
244
330
17
100
AcDbEntity
  8
ROAD-SIDEWALK
100
AcDbPoint
 10
2552795.0
 20
6967152.0
 30
512.89
  0
TEXT
  5
245
330
17
100
AcDbEntity
  8
PT-NUMBER
100
AcDbText
 10
2552797.4
 20
6967154.7
 30
0.0
 40
3.0
  1
109
 11
2552797.4
 21
6967154.7
 31
0.0
100
AcDbText
  0
TEXT
  5
246
330
17
100
AcDbEntity
  8
PT-ELEV
100
AcDbText
 10
2552797.4
 20
6967151.25
 30
0.0
 40
3.0
  1
512.89
 11
2552797.4
 21
6967151.25
 31
0.0
100
AcDbText
  0
TEXT
  5
247
330
17
100
AcDbEntity
  8
PT-DESC
100
AcDbText
 10
2552797.4
 20
6967147.8
 30
0.0
 40
3.0
  1
SW2 B
 11
2552797.4
 21
6967147.8
 31
0.0
100
AcDbText
  0
POINT
  5
248
330
17
100
AcDbEntity
  8
ROAD-SIDEWALK
100
AcDbPoint
 10
2552795.0
 20
6967100.0
 30
511.88
  0
TEXT
  5
249
330
17
100
AcDbEntity
  8
PT-NUMBER
100
AcDbText
 10
2552797.4
 20
6967102.7
 30
0.0
 40
3.0
  1
110
 11
2552797.4
 21
6967102.7
 31
0.0
100
AcDbText
  0
TEXT
  5
24A
330
17
100
AcDbEntity
  8
PT-ELEV
100
AcDbText
 10
2552797.4
 20
6967099.25
 30
0.0
 40
3.0
  1
511.88
 11
2552797.4
 21
6967099.25
 31
0.0
100
AcDbText
  0
TEXT
  5
24B
330
17
100
AcDbEntity
  8
PT-DESC
100
AcDbText
 10
2552797.4
 20
6967095.8
 30
0.0
 40
3.0
  1
SW2 E
 11
2552797.4
 21
6967095.8
 31
0.0
100
AcDbText
  0
POINT
  5
24D
330
17
100
AcDbEntity
  8
UTIL-MH
100
AcDbPoint
 10
2552695.0
 20
6967046.0
 30
511.66
  0
TEXT
  5
24E
330
17
100
AcDbEntity
  8
PT-NUMBER
100
AcDbText
 10
2552697.4
 20
6967048.7
 30
0.0
 40
3.0
  1
111
 11
2552697.4
 21
6967048.7
 31
0.0
100
AcDbText
  0
TEXT
  5
24F
330
17
100
AcDbEntity
  8
PT-ELEV
100
AcDbText
 10
2552697.4
 20
6967045.25
 30
0.0
 40
3.0
  1
511.66
 11
2552697.4
 21
6967045.25
 31
0.0
100
AcDbText
  0
TEXT
  5
250
330
17
100
AcDbEntity
  8
PT-DESC
100
AcDbText
 10
2552697.4
 20
6967041.8
 30
0.0
 40
3.0
  1
MH
 11
2552697.4
 21
6967041.8
 31
0.0
100
AcDbText
  0
POINT
  5
252
330
17
100
AcDbEntity
  8
UTIL-SS
100
AcDbPoint
 10
2553030.0
 20
6967046.0
 30
510.62
  0
TEXT
  5
253
330
17
100
AcDbEntity
  8
PT-NUMBER
100
AcDbText
 10
2553032.4
 20
6967048.7
 30
0.0
 40
3.0
  1
112
 11
2553032.4
 21
6967048.7
 31
0.0
100
AcDbText
  0
TEXT
  5
254
330
17
100
AcDbEntity
  8
PT-ELEV
100
AcDbText
 10
2553032.4
 20
6967045.25
 30
0.0
 40
3.0
  1
510.62
 11
2553032.4
 21
6967045.25
 31
0.0
100
AcDbText
  0
TEXT
  5
255
330
17
100
AcDbEntity
  8
PT-DESC
100
AcDbText
 10
2553032.4
 20
6967041.8
 30
0.0
 40
3.0
  1
SSMH
 11
2553032.4
 21
6967041.8
 31
0.0
100
AcDbText
  0
POINT
  5
257
330
17
100
AcDbEntity
  8
UTIL-WATER
100
AcDbPoint
 10
2552900.0
 20
6967057.0
 30
510.86
  0
TEXT
  5
258
330
17
100
AcDbEntity
  8
PT-NUMBER
100
AcDbText
 10
2552902.4
 20
6967059.7
 30
0.0
 40
3.0
  1
113
 11
2552902.4
 21
6967059.7
 31
0.0
100
AcDbText
  0
TEXT
  5
259
330
17
100
AcDbEntity
  8
PT-ELEV
100
AcDbText
 10
2552902.4
 20
6967056.25
 30
0.0
 40
3.0
  1
510.86
 11
2552902.4
 21
6967056.25
 31
0.0
100
AcDbText
  0
TEXT
  5
25A
330
17
100
AcDbEntity
  8
PT-DESC
100
AcDbText
 10
2552902.4
 20
6967052.8
 30
0.0
 40
3.0
  1
FH
 11
2552902.4
 21
6967052.8
 31
0.0
100
AcDbText
  0
POINT
  5
25C
330
17
100
AcDbEntity
  8
UTIL-POWER
100
AcDbPoint
 10
2552660.0
 20
6967058.0
 30
512.49
  0
TEXT
  5
25D
330
17
100
AcDbEntity
  8
PT-NUMBER
100
AcDbText
 10
2552662.4
 20
6967060.7
 30
0.0
 40
3.0
  1
114
 11
2552662.4
 21
6967060.7
 31
0.0
100
AcDbText
  0
TEXT
  5
25E
330
17
100
AcDbEntity
  8
PT-ELEV
100
AcDbText
 10
2552662.4
 20
6967057.25
 30
0.0
 40
3.0
  1
512.49
 11
2552662.4
 21
6967057.25
 31
0.0
100
AcDbText
  0
TEXT
  5
25F
330
17
100
AcDbEntity
  8
PT-DESC
100
AcDbText
 10
2552662.4
 20
6967053.8
 30
0.0
 40
3.0
  1
LP
 11
2552662.4
 21
6967053.8
 31
0.0
100
AcDbText
  0
POINT
  5
260
330
17
100
AcDbEntity
  8
UTIL-POWER
100
AcDbPoint
 10
2552950.0
 20
6967058.0
 30
511.31
  0
TEXT
  5
261
330
17
100
AcDbEntity
  8
PT-NUMBER
100
AcDbText
 10
2552952.4
 20
6967060.7
 30
0.0
 40
3.0
  1
115
 11
2552952.4
 21
6967060.7
 31
0.0
100
AcDbText
  0
TEXT
  5
262
330
17
100
AcDbEntity
  8
PT-ELEV
100
AcDbText
 10
2552952.4
 20
6967057.25
 30
0.0
 40
3.0
  1
511.31
 11
2552952.4
 21
6967057.25
 31
0.0
100
AcDbText
  0
TEXT
  5
263
330
17
100
AcDbEntity
  8
PT-DESC
100
AcDbText
 10
2552952.4
 20
6967053.8
 30
0.0
 40
3.0
  1
LP
 11
2552952.4
 21
6967053.8
 31
0.0
100
AcDbText
  0
POINT
  5
265
330
17
100
AcDbEntity
  8
SITE-SIGN
100
AcDbPoint
 10
2552855.0
 20
6967066.0
 30
510.85
  0
TEXT
  5
266
330
17
100
AcDbEntity
  8
PT-NUMBER
100
AcDbText
 10
2552857.4
 20
6967068.7
 30
0.0
 40
3.0
  1
116
 11
2552857.4
 21
6967068.7
 31
0.0
100
AcDbText
  0
TEXT
  5
267
330
17
100
AcDbEntity
  8
PT-ELEV
100
AcDbText
 10
2552857.4
 20
6967065.25
 30
0.0
 40
3.0
  1
510.85
 11
2552857.4
 21
6967065.25
 31
0.0
100
AcDbText
  0
TEXT
  5
268
330
17
100
AcDbEntity
  8
PT-DESC
100
AcDbText
 10
2552857.4
 20
6967061.8
 30
0.0
 40
3.0
  1
SIGN
 11
2552857.4
 21
6967061.8
 31
0.0
100
AcDbText
  0
POINT
  5
26A
330
17
100
AcDbEntity
  8
VEG-TREE
100
AcDbPoint
 10
2552930.0
 20
6967300.0
 30
513.51
  0
TEXT
  5
26B
330
17
100
AcDbEntity
  8
PT-NUMBER
100
AcDbText
 10
2552932.4
 20
6967302.7
 30
0.0
 40
3.0
  1
117
 11
2552932.4
 21
6967302.7
 31
0.0
100
AcDbText
  0
TEXT
  5
26C
330
17
100
AcDbEntity
  8
PT-ELEV
100
AcDbText
 10
2552932.4
 20
6967299.25
 30
0.0
 40
3.0
  1
513.51
 11
2552932.4
 21
6967299.25
 31
0.0
100
AcDbText
  0
TEXT
  5
26D
330
17
100
AcDbEntity
  8
PT-DESC
100
AcDbText
 10
2552932.4
 20
6967295.8
 30
0.0
 40
3.0
  1
TREE 14 OAK
 11
2552932.4
 21
6967295.8
 31
0.0
100
AcDbText
  0
POINT
  5
26E
330
17
100
AcDbEntity
  8
VEG-TREE
100
AcDbPoint
 10
2552960.0
 20
6967120.0
 30
513.68
  0
TEXT
  5
26F
330
17
100
AcDbEntity
  8
PT-NUMBER
100
AcDbText
 10
2552962.4
 20
6967122.7
 30
0.0
 40
3.0
  1
118
 11
2552962.4
 21
6967122.7
 31
0.0
100
AcDbText
  0
TEXT
  5
270
330
17
100
AcDbEntity
  8
PT-ELEV
100
AcDbText
 10
2552962.4
 20
6967119.25
 30
0.0
 40
3.0
  1
513.68
 11
2552962.4
 21
6967119.25
 31
0.0
100
AcDbText
  0
TEXT
  5
271
330
17
100
AcDbEntity
  8
PT-DESC
100
AcDbText
 10
2552962.4
 20
6967115.8
 30
0.0
 40
3.0
  1
TREE 18 OAK
 11
2552962.4
 21
6967115.8
 31
0.0
100
AcDbText
  0
POINT
  5
272
330
17
100
AcDbEntity
  8
VEG-TREE
100
AcDbPoint
 10
2552690.0
 20
6967240.0
 30
514.75
  0
TEXT
  5
273
330
17
100
AcDbEntity
  8
PT-NUMBER
100
AcDbText
 10
2552692.4
 20
6967242.7
 30
0.0
 40
3.0
  1
119
 11
2552692.4
 21
6967242.7
 31
0.0
100
AcDbText
  0
TEXT
  5
274
330
17
100
AcDbEntity
  8
PT-ELEV
100
AcDbText
 10
2552692.4
 20
6967239.25
 30
0.0
 40
3.0
  1
514.75
 11
2552692.4
 21
6967239.25
 31
0.0
100
AcDbText
  0
TEXT
  5
275
330
17
100
AcDbEntity
  8
PT-DESC
100
AcDbText
 10
2552692.4
 20
6967235.8
 30
0.0
 40
3.0
  1
TREE 22 OAK
 11
2552692.4
 21
6967235.8
 31
0.0
100
AcDbText
  0
POINT
  5
276
330
17
100
AcDbEntity
  8
VEG-TREE
100
AcDbPoint
 10
2553070.0
 20
6967230.0
 30
512.32
  0
TEXT
  5
277
330
17
100
AcDbEntity
  8
PT-NUMBER
100
AcDbText
 10
2553072.4
 20
6967232.7
 30
0.0
 40
3.0
  1
120
 11
2553072.4
 21
6967232.7
 31
0.0
100
AcDbText
  0
TEXT
  5
278
330
17
100
AcDbEntity
  8
PT-ELEV
100
AcDbText
 10
2553072.4
 20
6967229.25
 30
0.0
 40
3.0
  1
512.32
 11
2553072.4
 21
6967229.25
 31
0.0
100
AcDbText
  0
TEXT
  5
279
330
17
100
AcDbEntity
  8
PT-DESC
100
AcDbText
 10
2553072.4
 20
6967225.8
 30
0.0
 40
3.0
  1
TREE 16 OAK
 11
2553072.4
 21
6967225.8
 31
0.0
100
AcDbText
  0
POINT
  5
27A
330
17
100
AcDbEntity
  8
VEG-TREE
100
AcDbPoint
 10
2552640.0
 20
6967320.0
 30
516.58
  0
TEXT
  5
27B
330
17
100
AcDbEntity
  8
PT-NUMBER
100
AcDbText
 10
2552642.4
 20
6967322.7
 30
0.0
 40
3.0
  1
121
 11
2552642.4
 21
6967322.7
 31
0.0
100
AcDbText
  0
TEXT
  5
27C
330
17
100
AcDbEntity
  8
PT-ELEV
100
AcDbText
 10
2552642.4
 20
6967319.25
 30
0.0
 40
3.0
  1
516.58
 11
2552642.4
 21
6967319.25
 31
0.0
100
AcDbText
  0
TEXT
  5
27D
330
17
100
AcDbEntity
  8
PT-DESC
100
AcDbText
 10
2552642.4
 20
6967315.8
 30
0.0
 40
3.0
  1
TREE 12 OAK
 11
2552642.4
 21
6967315.8
 31
0.0
100
AcDbText
  0
POINT
  5
27F
330
17
100
AcDbEntity
  8
HYDRO-SWALE
100
AcDbPoint
 10
2552630.0
 20
6967296.4
 30
516.07
  0
TEXT
  5
280
330
17
100
AcDbEntity
  8
PT-NUMBER
100
AcDbText
 10
2552632.4
 20
6967299.100000001
 30
0.0
 40
3.0
  1
122
 11
2552632.4
 21
6967299.100000001
 31
0.0
100
AcDbText
  0
TEXT
  5
281
330
17
100
AcDbEntity
  8
PT-ELEV
100
AcDbText
 10
2552632.4
 20
6967295.65
 30
0.0
 40
3.0
  1
516.07
 11
2552632.4
 21
6967295.65
 31
0.0
100
AcDbText
  0
TEXT
  5
282
330
17
100
AcDbEntity
  8
PT-DESC
100
AcDbText
 10
2552632.4
 20
6967292.2
 30
0.0
 40
3.0
  1
SWL1 B
 11
2552632.4
 21
6967292.2
 31
0.0
100
AcDbText
  0
POINT
  5
283
330
17
100
AcDbEntity
  8
HYDRO-SWALE
100
AcDbPoint
 10
2552680.0
 20
6967290.4
 30
515.35
  0
TEXT
  5
284
330
17
100
AcDbEntity
  8
PT-NUMBER
100
AcDbText
 10
2552682.4
 20
6967293.100000001
 30
0.0
 40
3.0
  1
123
 11
2552682.4
 21
6967293.100000001
 31
0.0
100
AcDbText
  0
TEXT
  5
285
330
17
100
AcDbEntity
  8
PT-ELEV
100
AcDbText
 10
2552682.4
 20
6967289.65
 30
0.0
 40
3.0
  1
515.35
 11
2552682.4
 21
6967289.65
 31
0.0
100
AcDbText
  0
TEXT
  5
286
330
17
100
AcDbEntity
  8
PT-DESC
100
AcDbText
 10
2552682.4
 20
6967286.2
 30
0.0
 40
3.0
  1
SWL1
 11
2552682.4
 21
6967286.2
 31
0.0
100
AcDbText
  0
POINT
  5
287
330
17
100
AcDbEntity
  8
HYDRO-SWALE
100
AcDbPoint
 10
2552730.0
 20
6967284.4
 30
514.64
  0
TEXT
  5
288
330
17
100
AcDbEntity
  8
PT-NUMBER
100
AcDbText
 10
2552732.4
 20
6967287.100000001
 30
0.0
 40
3.0
  1
124
 11
2552732.4
 21
6967287.100000001
 31
0.0
100
AcDbText
  0
TEXT
  5
289
330
17
100
AcDbEntity
  8
PT-ELEV
100
AcDbText
 10
2552732.4
 20
6967283.65
 30
0.0
 40
3.0
  1
514.64
 11
2552732.4
 21
6967283.65
 31
0.0
100
AcDbText
  0
TEXT
  5
28A
330
17
100
AcDbEntity
  8
PT-DESC
100
AcDbText
 10
2552732.4
 20
6967280.2
 30
0.0
 40
3.0
  1
SWL1
 11
2552732.4
 21
6967280.2
 31
0.0
100
AcDbText
  0
POINT
  5
28B
330
17
100
AcDbEntity
  8
HYDRO-SWALE
100
AcDbPoint
 10
2552780.0
 20
6967278.4
 30
513.95
  0
TEXT
  5
28C
330
17
100
AcDbEntity
  8
PT-NUMBER
100
AcDbText
 10
2552782.4
 20
6967281.100000001
 30
0.0
 40
3.0
  1
125
 11
2552782.4
 21
6967281.100000001
 31
0.0
100
AcDbText
  0
TEXT
  5
28D
330
17
100
AcDbEntity
  8
PT-ELEV
100
AcDbText
 10
2552782.4
 20
6967277.65
 30
0.0
 40
3.0
  1
513.95
 11
2552782.4
 21
6967277.65
 31
0.0
100
AcDbText
  0
TEXT
  5
28E
330
17
100
AcDbEntity
  8
PT-DESC
100
AcDbText
 10
2552782.4
 20
6967274.2
 30
0.0
 40
3.0
  1
SWL1
 11
2552782.4
 21
6967274.2
 31
0.0
100
AcDbText
  0
POINT
  5
28F
330
17
100
AcDbEntity
  8
HYDRO-SWALE
100
AcDbPoint
 10
2552830.0
 20
6967272.4
 30
513.35
  0
TEXT
  5
290
330
17
100
AcDbEntity
  8
PT-NUMBER
100
AcDbText
 10
2552832.4
 20
6967275.100000001
 30
0.0
 40
3.0
  1
126
 11
2552832.4
 21
6967275.100000001
 31
0.0
100
AcDbText
  0
TEXT
  5
291
330
17
100
AcDbEntity
  8
PT-ELEV
100
AcDbText
 10
2552832.4
 20
6967271.65
 30
0.0
 40
3.0
  1
513.35
 11
2552832.4
 21
6967271.65
 31
0.0
100
AcDbText
  0
TEXT
  5
292
330
17
100
AcDbEntity
  8
PT-DESC
100
AcDbText
 10
2552832.4
 20
6967268.2
 30
0.0
 40
3.0
  1
SWL1
 11
2552832.4
 21
6967268.2
 31
0.0
100
AcDbText
  0
POINT
  5
293
330
17
100
AcDbEntity
  8
HYDRO-SWALE
100
AcDbPoint
 10
2552880.0
 20
6967266.4
 30
512.98
  0
TEXT
  5
294
330
17
100
AcDbEntity
  8
PT-NUMBER
100
AcDbText
 10
2552882.4
 20
6967269.100000001
 30
0.0
 40
3.0
  1
127
 11
2552882.4
 21
6967269.100000001
 31
0.0
100
AcDbText
  0
TEXT
  5
295
330
17
100
AcDbEntity
  8
PT-ELEV
100
AcDbText
 10
2552882.4
 20
6967265.65
 30
0.0
 40
3.0
  1
512.98
 11
2552882.4
 21
6967265.65
 31
0.0
100
AcDbText
  0
TEXT
  5
296
330
17
100
AcDbEntity
  8
PT-DESC
100
AcDbText
 10
2552882.4
 20
6967262.2
 30
0.0
 40
3.0
  1
SWL1
 11
2552882.4
 21
6967262.2
 31
0.0
100
AcDbText
  0
POINT
  5
297
330
17
100
AcDbEntity
  8
HYDRO-SWALE
100
AcDbPoint
 10
2552930.0
 20
6967260.4
 30
512.92
  0
TEXT
  5
298
330
17
100
AcDbEntity
  8
PT-NUMBER
100
AcDbText
 10
2552932.4
 20
6967263.100000001
 30
0.0
 40
3.0
  1
128
 11
2552932.4
 21
6967263.100000001
 31
0.0
100
AcDbText
  0
TEXT
  5
299
330
17
100
AcDbEntity
  8
PT-ELEV
100
AcDbText
 10
2552932.4
 20
6967259.65
 30
0.0
 40
3.0
  1
512.92
 11
2552932.4
 21
6967259.65
 31
0.0
100
AcDbText
  0
TEXT
  5
29A
330
17
100
AcDbEntity
  8
PT-DESC
100
AcDbText
 10
2552932.4
 20
6967256.2
 30
0.0
 40
3.0
  1
SWL1
 11
2552932.4
 21
6967256.2
 31
0.0
100
AcDbText
  0
POINT
  5
29B
330
17
100
AcDbEntity
  8
HYDRO-SWALE
100
AcDbPoint
 10
2552980.0
 20
6967254.4
 30
513.02
  0
TEXT
  5
29C
330
17
100
AcDbEntity
  8
PT-NUMBER
100
AcDbText
 10
2552982.4
 20
6967257.100000001
 30
0.0
 40
3.0
  1
129
 11
2552982.4
 21
6967257.100000001
 31
0.0
100
AcDbText
  0
TEXT
  5
29D
330
17
100
AcDbEntity
  8
PT-ELEV
100
AcDbText
 10
2552982.4
 20
6967253.65
 30
0.0
 40
3.0
  1
513.02
 11
2552982.4
 21
6967253.65
 31
0.0
100
AcDbText
  0
TEXT
  5
29E
330
17
100
AcDbEntity
  8
PT-DESC
100
AcDbText
 10
2552982.4
 20
6967250.2
 30
0.0
 40
3.0
  1
SWL1
 11
2552982.4
 21
6967250.2
 31
0.0
100
AcDbText
  0
POINT
  5
29F
330
17
100
AcDbEntity
  8
HYDRO-SWALE
100
AcDbPoint
 10
2553030.0
 20
6967248.4
 30
512.8
  0
TEXT
  5
2A0
330
17
100
AcDbEntity
  8
PT-NUMBER
100
AcDbText
 10
2553032.4
 20
6967251.100000001
 30
0.0
 40
3.0
  1
130
 11
2553032.4
 21
6967251.100000001
 31
0.0
100
AcDbText
  0
TEXT
  5
2A1
330
17
100
AcDbEntity
  8
PT-ELEV
100
AcDbText
 10
2553032.4
 20
6967247.65
 30
0.0
 40
3.0
  1
512.80
 11
2553032.4
 21
6967247.65
 31
0.0
100
AcDbText
  0
TEXT
  5
2A2
330
17
100
AcDbEntity
  8
PT-DESC
100
AcDbText
 10
2553032.4
 20
6967244.2
 30
0.0
 40
3.0
  1
SWL1
 11
2553032.4
 21
6967244.2
 31
0.0
100
AcDbText
  0
POINT
  5
2A3
330
17
100
AcDbEntity
  8
HYDRO-SWALE
100
AcDbPoint
 10
2553080.0
 20
6967242.4
 30
511.91
  0
TEXT
  5
2A4
330
17
100
AcDbEntity
  8
PT-NUMBER
100
AcDbText
 10
2553082.4
 20
6967245.100000001
 30
0.0
 40
3.0
  1
131
 11
2553082.4
 21
6967245.100000001
 31
0.0
100
AcDbText
  0
TEXT
  5
2A5
330
17
100
AcDbEntity
  8
PT-ELEV
100
AcDbText
 10
2553082.4
 20
6967241.65
 30
0.0
 40
3.0
  1
511.91
 11
2553082.4
 21
6967241.65
 31
0.0
100
AcDbText
  0
TEXT
  5
2A6
330
17
100
AcDbEntity
  8
PT-DESC
100
AcDbText
 10
2553082.4
 20
6967238.2
 30
0.0
 40
3.0
  1
SWL1
 11
2553082.4
 21
6967238.2
 31
0.0
100
AcDbText
  0
POINT
  5
2A7
330
17
100
AcDbEntity
  8
HYDRO-SWALE
100
AcDbPoint
 10
2553130.0
 20
6967236.4
 30
510.46
  0
TEXT
  5
2A8
330
17
100
AcDbEntity
  8
PT-NUMBER
100
AcDbText
 10
2553132.4
 20
6967239.100000001
 30
0.0
 40
3.0
  1
132
 11
2553132.4
 21
6967239.100000001
 31
0.0
100
AcDbText
  0
TEXT
  5
2A9
330
17
100
AcDbEntity
  8
PT-ELEV
100
AcDbText
 10
2553132.4
 20
6967235.65
 30
0.0
 40
3.0
  1
510.46
 11
2553132.4
 21
6967235.65
 31
0.0
100
AcDbText
  0
TEXT
  5
2AA
330
17
100
AcDbEntity
  8
PT-DESC
100
AcDbText
 10
2553132.4
 20
6967232.2
 30
0.0
 40
3.0
  1
SWL1 E
 11
2553132.4
 21
6967232.2
 31
0.0
100
AcDbText
  0
POINT
  5
2AC
330
17
100
AcDbEntity
  8
TOPO-GROUND
100
AcDbPoint
 10
2552607.3142636498
 20
6967073.987001524
 30
513.44
  0
TEXT
  5
2AD
330
17
100
AcDbEntity
  8
PT-NUMBER
100
AcDbText
 10
2552609.7142636497
 20
6967076.6870015245
 30
0.0
 40
3.0
  1
133
 11
2552609.7142636497
 21
6967076.6870015245
 31
0.0
100
AcDbText
  0
TEXT
  5
2AE
330
17
100
AcDbEntity
  8
PT-ELEV
100
AcDbText
 10
2552609.7142636497
 20
6967073.237001524
 30
0.0
 40
3.0
  1
513.44
 11
2552609.7142636497
 21
6967073.237001524
 31
0.0
100
AcDbText
  0
TEXT
  5
2AF
330
17
100
AcDbEntity
  8
PT-DESC
100
AcDbText
 10
2552609.7142636497
 20
6967069.787001524
 30
0.0
 40
3.0
  1
GS
 11
2552609.7142636497
 21
6967069.787001524
 31
0.0
100
AcDbText
  0
POINT
  5
2B0
330
17
100
AcDbEntity
  8
TOPO-GROUND
100
AcDbPoint
 10
2552605.5164021505
 20
6967103.662669523
 30
513.98
  0
TEXT
  5
2B1
330
17
100
AcDbEntity
  8
PT-NUMBER
100
AcDbText
 10
2552607.9164021504
 20
6967106.362669523
 30
0.0
 40
3.0
  1
134
 11
2552607.9164021504
 21
6967106.362669523
 31
0.0
100
AcDbText
  0
TEXT
  5
2B2
330
17
100
AcDbEntity
  8
PT-ELEV
100
AcDbText
 10
2552607.9164021504
 20
6967102.912669523
 30
0.0
 40
3.0
  1
513.98
 11
2552607.9164021504
 21
6967102.912669523
 31
0.0
100
AcDbText
  0
TEXT
  5
2B3
330
17
100
AcDbEntity
  8
PT-DESC
100
AcDbText
 10
2552607.9164021504
 20
6967099.4626695225
 30
0.0
 40
3.0
  1
GS
 11
2552607.9164021504
 21
6967099.4626695225
 31
0.0
100
AcDbText
  0
POINT
  5
2B4
330
17
100
AcDbEntity
  8
TOPO-GROUND
100
AcDbPoint
 10
2552606.267570371
 20
6967139.335931089
 30
514.73
  0
TEXT
  5
2B5
330
17
100
AcDbEntity
  8
PT-NUMBER
100
AcDbText
 10
2552608.6675703707
 20
6967142.035931089
 30
0.0
 40
3.0
  1
135
 11
2552608.6675703707
 21
6967142.035931089
 31
0.0
100
AcDbText
  0
TEXT
  5
2B6
330
17
100
AcDbEntity
  8
PT-ELEV
100
AcDbText
 10
2552608.6675703707
 20
6967138.585931089
 30
0.0
 40
3.0
  1
514.73
 11
2552608.6675703707
 21
6967138.585931089
 31
0.0
100
AcDbText
  0
TEXT
  5
2B7
330
17
100
AcDbEntity
  8
PT-DESC
100
AcDbText
 10
2552608.6675703707
 20
6967135.135931089
 30
0.0
 40
3.0
  1
GS
 11
2552608.6675703707
 21
6967135.135931089
 31
0.0
100
AcDbText
  0
POINT
  5
2B8
330
17
100
AcDbEntity
  8
TOPO-GROUND
100
AcDbPoint
 10
2552616.1939046704
 20
6967179.641876227
 30
515.27
  0
TEXT
  5
2B9
330
17
100
AcDbEntity
  8
PT-NUMBER
100
AcDbText
 10
2552618.5939046703
 20
6967182.341876227
 30
0.0
 40
3.0
  1
136
 11
2552618.5939046703
 21
6967182.341876227
 31
0.0
100
AcDbText
  0
TEXT
  5
2BA
330
17
100
AcDbEntity
  8
PT-ELEV
100
AcDbText
 10
2552618.5939046703
 20
6967178.891876227
 30
0.0
 40
3.0
  1
515.27
 11
2552618.5939046703
 21
6967178.891876227
 31
0.0
100
AcDbText
  0
TEXT
  5
2BB
330
17
100
AcDbEntity
  8
PT-DESC
100
AcDbText
 10
2552618.5939046703
 20
6967175.441876227
 30
0.0
 40
3.0
  1
GS
 11
2552618.5939046703
 21
6967175.441876227
 31
0.0
100
AcDbText
  0
POINT
  5
2BC
330
17
100
AcDbEntity
  8
TOPO-GROUND
100
AcDbPoint
 10
2552616.9311731453
 20
6967213.955558684
 30
515.63
  0
TEXT
  5
2BD
330
17
100
AcDbEntity
  8
PT-NUMBER
100
AcDbText
 10
2552619.331173145
 20
6967216.655558684
 30
0.0
 40
3.0
  1
137
 11
2552619.331173145
 21
6967216.655558684
 31
0.0
100
AcDbText
  0
TEXT
  5
2BE
330
17
100
AcDbEntity
  8
PT-ELEV
100
AcDbText
 10
2552619.331173145
 20
6967213.205558684
 30
0.0
 40
3.0
  1
515.63
 11
2552619.331173145
 21
6967213.205558684
 31
0.0
100
AcDbText
  0
TEXT
  5
2BF
330
17
100
AcDbEntity
  8
PT-DESC
100
AcDbText
 10
2552619.331173145
 20
6967209.755558684
 30
0.0
 40
3.0
  1
GS
 11
2552619.331173145
 21
6967209.755558684
 31
0.0
100
AcDbText
  0
POINT
  5
2C0
330
17
100
AcDbEntity
  8
TOPO-GROUND
100
AcDbPoint
 10
2552619.184712701
 20
6967257.066490514
 30
515.78
  0
TEXT
  5
2C1
330
17
100
AcDbEntity
  8
PT-NUMBER
100
AcDbText
 10
2552621.584712701
 20
6967259.766490514
 30
0.0
 40
3.0
  1
138
 11
2552621.584712701
 21
6967259.766490514
 31
0.0
100
AcDbText
  0
TEXT
  5
2C2
330
17
100
AcDbEntity
  8
PT-ELEV
100
AcDbText
 10
2552621.584712701
 20
6967256.316490514
 30
0.0
 40
3.0
  1
515.78
 11
2552621.584712701
 21
6967256.316490514
 31
0.0
100
AcDbText
  0
TEXT
  5
2C3
330
17
100
AcDbEntity
  8
PT-DESC
100
AcDbText
 10
2552621.584712701
 20
6967252.866490514
 30
0.0
 40
3.0
  1
GS
 11
2552621.584712701
 21
6967252.866490514
 31
0.0
100
AcDbText
  0
POINT
  5
2C4
330
17
100
AcDbEntity
  8
TOPO-GROUND
100
AcDbPoint
 10
2552619.7012558472
 20
6967290.88335484
 30
516.06
  0
TEXT
  5
2C5
330
17
100
AcDbEntity
  8
PT-NUMBER
100
AcDbText
 10
2552622.101255847
 20
6967293.58335484
 30
0.0
 40
3.0
  1
139
 11
2552622.101255847
 21
6967293.58335484
 31
0.0
100
AcDbText
  0
TEXT
  5
2C6
330
17
100
AcDbEntity
  8
PT-ELEV
100
AcDbText
 10
2552622.101255847
 20
6967290.13335484
 30
0.0
 40
3.0
  1
516.06
 11
2552622.101255847
 21
6967290.13335484
 31
0.0
100
AcDbText
  0
TEXT
  5
2C7
330
17
100
AcDbEntity
  8
PT-DESC
100
AcDbText
 10
2552622.101255847
 20
6967286.68335484
 30
0.0
 40
3.0
  1
GS
 11
2552622.101255847
 21
6967286.68335484
 31
0.0
100
AcDbText
  0
POINT
  5
2C8
330
17
100
AcDbEntity
  8
TOPO-GROUND
100
AcDbPoint
 10
2552608.681170304
 20
6967326.967146532
 30
517.1
  0
TEXT
  5
2C9
330
17
100
AcDbEntity
  8
PT-NUMBER
100
AcDbText
 10
2552611.0811703037
 20
6967329.667146532
 30
0.0
 40
3.0
  1
140
 11
2552611.0811703037
 21
6967329.667146532
 31
0.0
100
AcDbText
  0
TEXT
  5
2CA
330
17
100
AcDbEntity
  8
PT-ELEV
100
AcDbText
 10
2552611.0811703037
 20
6967326.217146532
 30
0.0
 40
3.0
  1
517.10
 11
2552611.0811703037
 21
6967326.217146532
 31
0.0
100
AcDbText
  0
TEXT
  5
2CB
330
17
100
AcDbEntity
  8
PT-DESC
100
AcDbText
 10
2552611.0811703037
 20
6967322.7671465315
 30
0.0
 40
3.0
  1
GS
 11
2552611.0811703037
 21
6967322.7671465315
 31
0.0
100
AcDbText
  0
POINT
  5
2CC
330
17
100
AcDbEntity
  8
TOPO-GROUND
100
AcDbPoint
 10
2552649.358947391
 20
6967075.648715471
 30
512.9
  0
TEXT
  5
2CD
330
17
100
AcDbEntity
  8
PT-NUMBER
100
AcDbText
 10
2552651.758947391
 20
6967078.348715471
 30
0.0
 40
3.0
  1
141
 11
2552651.758947391
 21
6967078.348715471
 31
0.0
100
AcDbText
  0
TEXT
  5
2CE
330
17
100
AcDbEntity
  8
PT-ELEV
100
AcDbText
 10
2552651.758947391
 20
6967074.898715471
 30
0.0
 40
3.0
  1
512.90
 11
2552651.758947391
 21
6967074.898715471
 31
0.0
100
AcDbText
  0
TEXT
  5
2CF
330
17
100
AcDbEntity
  8
PT-DESC
100
AcDbText
 10
2552651.758947391
 20
6967071.448715471
 30
0.0
 40
3.0
  1
GS
 11
2552651.758947391
 21
6967071.448715471
 31
0.0
100
AcDbText
  0
POINT
  5
2D0
330
17
100
AcDbEntity
  8
TOPO-GROUND
100
AcDbPoint
 10
2552657.439648308
 20
6967116.612003933
 30
513.64
  0
TEXT
  5
2D1
330
17
100
AcDbEntity
  8
PT-NUMBER
100
AcDbText
 10
2552659.8396483078
 20
6967119.312003933
 30
0.0
 40
3.0
  1
142
 11
2552659.8396483078
 21
6967119.312003933
 31
0.0
100
AcDbText
  0
TEXT
  5
2D2
330
17
100
AcDbEntity
  8
PT-ELEV
100
AcDbText
 10
2552659.8396483078
 20
6967115.862003933
 30
0.0
 40
3.0
  1
513.64
 11
2552659.8396483078
 21
6967115.862003933
 31
0.0
100
AcDbText
  0
TEXT
  5
2D3
330
17
100
AcDbEntity
  8
PT-DESC
100
AcDbText
 10
2552659.8396483078
 20
6967112.4120039325
 30
0.0
 40
3.0
  1
GS
 11
2552659.8396483078
 21
6967112.4120039325
 31
0.0
100
AcDbText
  0
POINT
  5
2D4
330
17
100
AcDbEntity
  8
TOPO-GROUND
100
AcDbPoint
 10
2552651.4073177213
 20
6967141.988608066
 30
514.17
  0
TEXT
  5
2D5
330
17
100
AcDbEntity
  8
PT-NUMBER
100
AcDbText
 10
2552653.807317721
 20
6967144.688608066
 30
0.0
 40
3.0
  1
143
 11
2552653.807317721
 21
6967144.688608066
 31
0.0
100
AcDbText
  0
TEXT
  5
2D6
330
17
100
AcDbEntity
  8
PT-ELEV
100
AcDbText
 10
2552653.807317721
 20
6967141.238608066
 30
0.0
 40
3.0
  1
514.17
 11
2552653.807317721
 21
6967141.238608066
 31
0.0
100
AcDbText
  0
TEXT
  5
2D7
330
17
100
AcDbEntity
  8
PT-DESC
100
AcDbText
 10
2552653.807317721
 20
6967137.788608066
 30
0.0
 40
3.0
  1
GS
 11
2552653.807317721
 21
6967137.788608066
 31
0.0
100
AcDbText
  0
POINT
  5
2D8
330
17
100
AcDbEntity
  8
TOPO-GROUND
100
AcDbPoint
 10
2552659.1269975486
 20
6967180.739076457
 30
514.73
  0
TEXT
  5
2D9
330
17
100
AcDbEntity
  8
PT-NUMBER
100
AcDbText
 10
2552661.5269975485
 20
6967183.439076457
 30
0.0
 40
3.0
  1
144
 11
2552661.5269975485
 21
6967183.439076457
 31
0.0
100
AcDbText
  0
TEXT
  5
2DA
330
17
100
AcDbEntity
  8
PT-ELEV
100
AcDbText
 10
2552661.5269975485
 20
6967179.989076457
 30
0.0
 40
3.0
  1
514.73
 11
2552661.5269975485
 21
6967179.989076457
 31
0.0
100
AcDbText
  0
TEXT
  5
2DB
330
17
100
AcDbEntity
  8
PT-DESC
100
AcDbText
 10
2552661.5269975485
 20
6967176.539076457
 30
0.0
 40
3.0
  1
GS
 11
2552661.5269975485
 21
6967176.539076457
 31
0.0
100
AcDbText
  0
POINT
  5
2DC
330
17
100
AcDbEntity
  8
TOPO-GROUND
100
AcDbPoint
 10
2552655.120522431
 20
6967212.6398885
 30
515.11
  0
TEXT
  5
2DD
330
17
100
AcDbEntity
  8
PT-NUMBER
100
AcDbText
 10
2552657.520522431
 20
6967215.3398885
 30
0.0
 40
3.0
  1
145
 11
2552657.520522431
 21
6967215.3398885
 31
0.0
100
AcDbText
  0
TEXT
  5
2DE
330
17
100
AcDbEntity
  8
PT-ELEV
100
AcDbText
 10
2552657.520522431
 20
6967211.8898885
 30
0.0
 40
3.0
  1
515.11
 11
2552657.520522431
 21
6967211.8898885
 31
0.0
100
AcDbText
  0
TEXT
  5
2DF
330
17
100
AcDbEntity
  8
PT-DESC
100
AcDbText
 10
2552657.520522431
 20
6967208.4398885
 30
0.0
 40
3.0
  1
GS
 11
2552657.520522431
 21
6967208.4398885
 31
0.0
100
AcDbText
  0
POINT
  5
2E0
330
17
100
AcDbEntity
  8
TOPO-GROUND
100
AcDbPoint
 10
2552646.9086686336
 20
6967245.595344373
 30
515.38
  0
TEXT
  5
2E1
330
17
100
AcDbEntity
  8
PT-NUMBER
100
AcDbText
 10
2552649.3086686335
 20
6967248.295344373
 30
0.0
 40
3.0
  1
146
 11
2552649.3086686335
 21
6967248.295344373
 31
0.0
100
AcDbText
  0
TEXT
  5
2E2
330
17
100
AcDbEntity
  8
PT-ELEV
100
AcDbText
 10
2552649.3086686335
 20
6967244.845344373
 30
0.0
 40
3.0
  1
515.38
 11
2552649.3086686335
 21
6967244.845344373
 31
0.0
100
AcDbText
  0
TEXT
  5
2E3
330
17
100
AcDbEntity
  8
PT-DESC
100
AcDbText
 10
2552649.3086686335
 20
6967241.395344373
 30
0.0
 40
3.0
  1
GS
 11
2552649.3086686335
 21
6967241.395344373
 31
0.0
100
AcDbText
  0
POINT
  5
2E4
330
17
100
AcDbEntity
  8
TOPO-GROUND
100
AcDbPoint
 10
2552649.2234617276
 20
6967289.440346941
 30
515.68
  0
TEXT
  5
2E5
330
17
100
AcDbEntity
  8
PT-NUMBER
100
AcDbText
 10
2552651.6234617275
 20
6967292.140346942
 30
0.0
 40
3.0
  1
147
 11
2552651.6234617275
 21
6967292.140346942
 31
0.0
100
AcDbText
  0
TEXT
  5
2E6
330
17
100
AcDbEntity
  8
PT-ELEV
100
AcDbText
 10
2552651.6234617275
 20
6967288.690346941
 30
0.0
 40
3.0
  1
515.68
 11
2552651.6234617275
 21
6967288.690346941
 31
0.0
100
AcDbText
  0
TEXT
  5
2E7
330
17
100
AcDbEntity
  8
PT-DESC
100
AcDbText
 10
2552651.6234617275
 20
6967285.240346941
 30
0.0
 40
3.0
  1
GS
 11
2552651.6234617275
 21
6967285.240346941
 31
0.0
100
AcDbText
  0
POINT
  5
2E8
330
17
100
AcDbEntity
  8
TOPO-GROUND
100
AcDbPoint
 10
2552655.5524995974
 20
6967323.107771893
 30
516.52
  0
TEXT
  5
2E9
330
17
100
AcDbEntity
  8
PT-NUMBER
100
AcDbText
 10
2552657.9524995973
 20
6967325.807771893
 30
0.0
 40
3.0
  1
148
 11
2552657.9524995973
 21
6967325.807771893
 31
0.0
100
AcDbText
  0
TEXT
  5
2EA
330
17
100
AcDbEntity
  8
PT-ELEV
100
AcDbText
 10
2552657.9524995973
 20
6967322.357771893
 30
0.0
 40
3.0
  1
516.52
 11
2552657.9524995973
 21
6967322.357771893
 31
0.0
100
AcDbText
  0
TEXT
  5
2EB
330
17
100
AcDbEntity
  8
PT-DESC
100
AcDbText
 10
2552657.9524995973
 20
6967318.907771893
 30
0.0
 40
3.0
  1
GS
 11
2552657.9524995973
 21
6967318.907771893
 31
0.0
100
AcDbText
  0
POINT
  5
2EC
330
17
100
AcDbEntity
  8
TOPO-GROUND
100
AcDbPoint
 10
2552683.876826494
 20
6967082.93584576
 30
512.71
  0
TEXT
  5
2ED
330
17
100
AcDbEntity
  8
PT-NUMBER
100
AcDbText
 10
2552686.276826494
 20
6967085.63584576
 30
0.0
 40
3.0
  1
149
 11
2552686.276826494
 21
6967085.63584576
 31
0.0
100
AcDbText
  0
TEXT
  5
2EE
330
17
100
AcDbEntity
  8
PT-ELEV
100
AcDbText
 10
2552686.276826494
 20
6967082.18584576
 30
0.0
 40
3.0
  1
512.71
 11
2552686.276826494
 21
6967082.18584576
 31
0.0
100
AcDbText
  0
TEXT
  5
2EF
330
17
100
AcDbEntity
  8
PT-DESC
100
AcDbText
 10
2552686.276826494
 20
6967078.7358457595
 30
0.0
 40
3.0
  1
GS
 11
2552686.276826494
 21
6967078.7358457595
 31
0.0
100
AcDbText
  0
POINT
  5
2F0
330
17
100
AcDbEntity
  8
TOPO-GROUND
100
AcDbPoint
 10
2552693.4387184936
 20
6967101.984025105
 30
512.94
  0
TEXT
  5
2F1
330
17
100
AcDbEntity
  8
PT-NUMBER
100
AcDbText
 10
2552695.8387184935
 20
6967104.684025105
 30
0.0
 40
3.0
  1
150
 11
2552695.8387184935
 21
6967104.684025105
 31
0.0
100
AcDbText
  0
TEXT
  5
2F2
330
17
100
AcDbEntity
  8
PT-ELEV
100
AcDbText
 10
2552695.8387184935
 20
6967101.234025105
 30
0.0
 40
3.0
  1
512.94
 11
2552695.8387184935
 21
6967101.234025105
 31
0.0
100
AcDbText
  0
TEXT
  5
2F3
330
17
100
AcDbEntity
  8
PT-DESC
100
AcDbText
 10
2552695.8387184935
 20
6967097.784025105
 30
0.0
 40
3.0
  1
GS
 11
2552695.8387184935
 21
6967097.784025105
 31
0.0
100
AcDbText
  0
POINT
  5
2F4
330
17
100
AcDbEntity
  8
TOPO-GROUND
100
AcDbPoint
 10
2552696.226021916
 20
6967147.581874932
 30
513.78
  0
TEXT
  5
2F5
330
17
100
AcDbEntity
  8
PT-NUMBER
100
AcDbText
 10
2552698.626021916
 20
6967150.281874932
 30
0.0
 40
3.0
  1
151
 11
2552698.626021916
 21
6967150.281874932
 31
0.0
100
AcDbText
  0
TEXT
  5
2F6
330
17
100
AcDbEntity
  8
PT-ELEV
100
AcDbText
 10
2552698.626021916
 20
6967146.831874932
 30
0.0
 40
3.0
  1
513.78
 11
2552698.626021916
 21
6967146.831874932
 31
0.0
100
AcDbText
  0
TEXT
  5
2F7
330
17
100
AcDbEntity
  8
PT-DESC
100
AcDbText
 10
2552698.626021916
 20
6967143.381874932
 30
0.0
 40
3.0
  1
GS
 11
2552698.626021916
 21
6967143.381874932
 31
0.0
100
AcDbText
  0
POINT
  5
2F8
330
17
100
AcDbEntity
  8
TOPO-GROUND
100
AcDbPoint
 10
2552686.712779489
 20
6967174.60627058
 30
514.33
  0
TEXT
  5
2F9
330
17
100
AcDbEntity
  8
PT-NUMBER
100
AcDbText
 10
2552689.112779489
 20
6967177.30627058
 30
0.0
 40
3.0
  1
152
 11
2552689.112779489
 21
6967177.30627058
 31
0.0
100
AcDbText
  0
TEXT
  5
2FA
330
17
100
AcDbEntity
  8
PT-ELEV
100
AcDbText
 10
2552689.112779489
 20
6967173.85627058
 30
0.0
 40
3.0
  1
514.33
 11
2552689.112779489
 21
6967173.85627058
 31
0.0
100
AcDbText
  0
TEXT
  5
2FB
330
17
100
AcDbEntity
  8
PT-DESC
100
AcDbText
 10
2552689.112779489
 20
6967170.406270579
 30
0.0
 40
3.0
  1
GS
 11
2552689.112779489
 21
6967170.406270579
 31
0.0
100
AcDbText
  0
POINT
  5
2FC
330
17
100
AcDbEntity
  8
TOPO-GROUND
100
AcDbPoint
 10
2552681.442549934
 20
6967224.104247271
 30
514.8
  0
TEXT
  5
2FD
330
17
100
AcDbEntity
  8
PT-NUMBER
100
AcDbText
 10
2552683.842549934
 20
6967226.804247271
 30
0.0
 40
3.0
  1
153
 11
2552683.842549934
 21
6967226.804247271
 31
0.0
100
AcDbText
  0
TEXT
  5
2FE
330
17
100
AcDbEntity
  8
PT-ELEV
100
AcDbText
 10
2552683.842549934
 20
6967223.354247271
 30
0.0
 40
3.0
  1
514.80
 11
2552683.842549934
 21
6967223.354247271
 31
0.0
100
AcDbText
  0
TEXT
  5
2FF
330
17
100
AcDbEntity
  8
PT-DESC
100
AcDbText
 10
2552683.842549934
 20
6967219.904247271
 30
0.0
 40
3.0
  1
GS
 11
2552683.842549934
 21
6967219.904247271
 31
0.0
100
AcDbText
  0
POINT
  5
300
330
17
100
AcDbEntity
  8
TOPO-GROUND
100
AcDbPoint
 10
2552683.289652489
 20
6967258.306443732
 30
514.96
  0
TEXT
  5
301
330
17
100
AcDbEntity
  8
PT-NUMBER
100
AcDbText
 10
2552685.689652489
 20
6967261.006443732
 30
0.0
 40
3.0
  1
154
 11
2552685.689652489
 21
6967261.006443732
 31
0.0
100
AcDbText
  0
TEXT
  5
302
330
17
100
AcDbEntity
  8
PT-ELEV
100
AcDbText
 10
2552685.689652489
 20
6967257.556443732
 30
0.0
 40
3.0
  1
514.96
 11
2552685.689652489
 21
6967257.556443732
 31
0.0
100
AcDbText
  0
TEXT
  5
303
330
17
100
AcDbEntity
  8
PT-DESC
100
AcDbText
 10
2552685.689652489
 20
6967254.106443732
 30
0.0
 40
3.0
  1
GS
 11
2552685.689652489
 21
6967254.106443732
 31
0.0
100
AcDbText
  0
POINT
  5
304
330
17
100
AcDbEntity
  8
TOPO-GROUND
100
AcDbPoint
 10
2552682.1145642325
 20
6967291.771057932
 30
515.35
  0
TEXT
  5
305
330
17
100
AcDbEntity
  8
PT-NUMBER
100
AcDbText
 10
2552684.5145642324
 20
6967294.471057932
 30
0.0
 40
3.0
  1
155
 11
2552684.5145642324
 21
6967294.471057932
 31
0.0
100
AcDbText
  0
TEXT
  5
306
330
17
100
AcDbEntity
  8
PT-ELEV
100
AcDbText
 10
2552684.5145642324
 20
6967291.021057932
 30
0.0
 40
3.0
  1
515.35
 11
2552684.5145642324
 21
6967291.021057932
 31
0.0
100
AcDbText
  0
TEXT
  5
307
330
17
100
AcDbEntity
  8
PT-DESC
100
AcDbText
 10
2552684.5145642324
 20
6967287.5710579315
 30
0.0
 40
3.0
  1
GS
 11
2552684.5145642324
 21
6967287.5710579315
 31
0.0
100
AcDbText
  0
POINT
  5
308
330
17
100
AcDbEntity
  8
TOPO-GROUND
100
AcDbPoint
 10
2552681.484981405
 20
6967331.492447818
 30
516.59
  0
TEXT
  5
309
330
17
100
AcDbEntity
  8
PT-NUMBER
100
AcDbText
 10
2552683.884981405
 20
6967334.192447818
 30
0.0
 40
3.0
  1
156
 11
2552683.884981405
 21
6967334.192447818
 31
0.0
100
AcDbText
  0
TEXT
  5
30A
330
17
100
AcDbEntity
  8
PT-ELEV
100
AcDbText
 10
2552683.884981405
 20
6967330.742447818
 30
0.0
 40
3.0
  1
516.59
 11
2552683.884981405
 21
6967330.742447818
 31
0.0
100
AcDbText
  0
TEXT
  5
30B
330
17
100
AcDbEntity
  8
PT-DESC
100
AcDbText
 10
2552683.884981405
 20
6967327.2924478175
 30
0.0
 40
3.0
  1
GS
 11
2552683.884981405
 21
6967327.2924478175
 31
0.0
100
AcDbText
  0
POINT
  5
30C
330
17
100
AcDbEntity
  8
TOPO-GROUND
100
AcDbPoint
 10
2552720.6722255894
 20
6967065.323316642
 30
511.9
  0
TEXT
  5
30D
330
17
100
AcDbEntity
  8
PT-NUMBER
100
AcDbText
 10
2552723.0722255893
 20
6967068.023316642
 30
0.0
 40
3.0
  1
157
 11
2552723.0722255893
 21
6967068.023316642
 31
0.0
100
AcDbText
  0
TEXT
  5
30E
330
17
100
AcDbEntity
  8
PT-ELEV
100
AcDbText
 10
2552723.0722255893
 20
6967064.573316642
 30
0.0
 40
3.0
  1
511.90
 11
2552723.0722255893
 21
6967064.573316642
 31
0.0
100
AcDbText
  0
TEXT
  5
30F
330
17
100
AcDbEntity
  8
PT-DESC
100
AcDbText
 10
2552723.0722255893
 20
6967061.123316642
 30
0.0
 40
3.0
  1
GS
 11
2552723.0722255893
 21
6967061.123316642
 31
0.0
100
AcDbText
  0
POINT
  5
310
330
17
100
AcDbEntity
  8
TOPO-GROUND
100
AcDbPoint
 10
2552732.0880113915
 20
6967181.877221118
 30
513.78
  0
TEXT
  5
311
330
17
100
AcDbEntity
  8
PT-NUMBER
100
AcDbText
 10
2552734.4880113914
 20
6967184.577221118
 30
0.0
 40
3.0
  1
158
 11
2552734.4880113914
 21
6967184.577221118
 31
0.0
100
AcDbText
  0
TEXT
  5
312
330
17
100
AcDbEntity
  8
PT-ELEV
100
AcDbText
 10
2552734.4880113914
 20
6967181.127221118
 30
0.0
 40
3.0
  1
513.78
 11
2552734.4880113914
 21
6967181.127221118
 31
0.0
100
AcDbText
  0
TEXT
  5
313
330
17
100
AcDbEntity
  8
PT-DESC
100
AcDbText
 10
2552734.4880113914
 20
6967177.677221118
 30
0.0
 40
3.0
  1
GS
 11
2552734.4880113914
 21
6967177.677221118
 31
0.0
100
AcDbText
  0
POINT
  5
314
330
17
100
AcDbEntity
  8
TOPO-GROUND
100
AcDbPoint
 10
2552722.9098034636
 20
6967214.673289449
 30
514.21
  0
TEXT
  5
315
330
17
100
AcDbEntity
  8
PT-NUMBER
100
AcDbText
 10
2552725.3098034635
 20
6967217.373289449
 30
0.0
 40
3.0
  1
159
 11
2552725.3098034635
 21
6967217.373289449
 31
0.0
100
AcDbText
  0
TEXT
  5
316
330
17
100
AcDbEntity
  8
PT-ELEV
100
AcDbText
 10
2552725.3098034635
 20
6967213.923289449
 30
0.0
 40
3.0
  1
514.21
 11
2552725.3098034635
 21
6967213.923289449
 31
0.0
100
AcDbText
  0
TEXT
  5
317
330
17
100
AcDbEntity
  8
PT-DESC
100
AcDbText
 10
2552725.3098034635
 20
6967210.473289449
 30
0.0
 40
3.0
  1
GS
 11
2552725.3098034635
 21
6967210.473289449
 31
0.0
100
AcDbText
  0
POINT
  5
318
330
17
100
AcDbEntity
  8
TOPO-GROUND
100
AcDbPoint
 10
2552736.609420472
 20
6967261.938107904
 30
514.18
  0
TEXT
  5
319
330
17
100
AcDbEntity
  8
PT-NUMBER
100
AcDbText
 10
2552739.0094204717
 20
6967264.638107904
 30
0.0
 40
3.0
  1
160
 11
2552739.0094204717
 21
6967264.638107904
 31
0.0
100
AcDbText
  0
TEXT
  5
31A
330
17
100
AcDbEntity
  8
PT-ELEV
100
AcDbText
 10
2552739.0094204717
 20
6967261.188107904
 30
0.0
 40
3.0
  1
514.18
 11
2552739.0094204717
 21
6967261.188107904
 31
0.0
100
AcDbText
  0
TEXT
  5
31B
330
17
100
AcDbEntity
  8
PT-DESC
100
AcDbText
 10
2552739.0094204717
 20
6967257.738107904
 30
0.0
 40
3.0
  1
GS
 11
2552739.0094204717
 21
6967257.738107904
 31
0.0
100
AcDbText
  0
POINT
  5
31C
330
17
100
AcDbEntity
  8
TOPO-GROUND
100
AcDbPoint
 10
2552726.8480270645
 20
6967286.657753317
 30
514.65
  0
TEXT
  5
31D
330
17
100
AcDbEntity
  8
PT-NUMBER
100
AcDbText
 10
2552729.2480270644
 20
6967289.357753317
 30
0.0
 40
3.0
  1
161
 11
2552729.2480270644
 21
6967289.357753317
 31
0.0
100
AcDbText
  0
TEXT
  5
31E
330
17
100
AcDbEntity
  8
PT-ELEV
100
AcDbText
 10
2552729.2480270644
 20
6967285.907753317
 30
0.0
 40
3.0
  1
514.65
 11
2552729.2480270644
 21
6967285.907753317
 31
0.0
100
AcDbText
  0
TEXT
  5
31F
330
17
100
AcDbEntity
  8
PT-DESC
100
AcDbText
 10
2552729.2480270644
 20
6967282.4577533165
 30
0.0
 40
3.0
  1
GS
 11
2552729.2480270644
 21
6967282.4577533165
 31
0.0
100
AcDbText
  0
POINT
  5
320
330
17
100
AcDbEntity
  8
TOPO-GROUND
100
AcDbPoint
 10
2552719.720235846
 20
6967318.213900795
 30
515.7
  0
TEXT
  5
321
330
17
100
AcDbEntity
  8
PT-NUMBER
100
AcDbText
 10
2552722.120235846
 20
6967320.913900795
 30
0.0
 40
3.0
  1
162
 11
2552722.120235846
 21
6967320.913900795
 31
0.0
100
AcDbText
  0
TEXT
  5
322
330
17
100
AcDbEntity
  8
PT-ELEV
100
AcDbText
 10
2552722.120235846
 20
6967317.463900795
 30
0.0
 40
3.0
  1
515.70
 11
2552722.120235846
 21
6967317.463900795
 31
0.0
100
AcDbText
  0
TEXT
  5
323
330
17
100
AcDbEntity
  8
PT-DESC
100
AcDbText
 10
2552722.120235846
 20
6967314.013900795
 30
0.0
 40
3.0
  1
GS
 11
2552722.120235846
 21
6967314.013900795
 31
0.0
100
AcDbText
  0
POINT
  5
324
330
17
100
AcDbEntity
  8
TOPO-GROUND
100
AcDbPoint
 10
2552761.41169292
 20
6967080.214049671
 30
511.65
  0
TEXT
  5
325
330
17
100
AcDbEntity
  8
PT-NUMBER
100
AcDbText
 10
2552763.81169292
 20
6967082.914049671
 30
0.0
 40
3.0
  1
163
 11
2552763.81169292
 21
6967082.914049671
 31
0.0
100
AcDbText
  0
TEXT
  5
326
330
17
100
AcDbEntity
  8
PT-ELEV
100
AcDbText
 10
2552763.81169292
 20
6967079.464049671
 30
0.0
 40
3.0
  1
511.65
 11
2552763.81169292
 21
6967079.464049671
 31
0.0
100
AcDbText
  0
TEXT
  5
327
330
17
100
AcDbEntity
  8
PT-DESC
100
AcDbText
 10
2552763.81169292
 20
6967076.014049671
 30
0.0
 40
3.0
  1
GS
 11
2552763.81169292
 21
6967076.014049671
 31
0.0
100
AcDbText
  0
POINT
  5
328
330
17
100
AcDbEntity
  8
TOPO-GROUND
100
AcDbPoint
 10
2552766.8242916856
 20
6967256.906559258
 30
513.87
  0
TEXT
  5
329
330
17
100
AcDbEntity
  8
PT-NUMBER
100
AcDbText
 10
2552769.2242916855
 20
6967259.606559258
 30
0.0
 40
3.0
  1
164
 11
2552769.2242916855
 21
6967259.606559258
 31
0.0
100
AcDbText
  0
TEXT
  5
32A
330
17
100
AcDbEntity
  8
PT-ELEV
100
AcDbText
 10
2552769.2242916855
 20
6967256.156559258
 30
0.0
 40
3.0
  1
513.87
 11
2552769.2242916855
 21
6967256.156559258
 31
0.0
100
AcDbText
  0
TEXT
  5
32B
330
17
100
AcDbEntity
  8
PT-DESC
100
AcDbText
 10
2552769.2242916855
 20
6967252.706559258
 30
0.0
 40
3.0
  1
GS
 11
2552769.2242916855
 21
6967252.706559258
 31
0.0
100
AcDbText
  0
POINT
  5
32C
330
17
100
AcDbEntity
  8
TOPO-GROUND
100
AcDbPoint
 10
2552771.058986821
 20
6967297.695046748
 30
514.52
  0
TEXT
  5
32D
330
17
100
AcDbEntity
  8
PT-NUMBER
100
AcDbText
 10
2552773.458986821
 20
6967300.395046748
 30
0.0
 40
3.0
  1
165
 11
2552773.458986821
 21
6967300.395046748
 31
0.0
100
AcDbText
  0
TEXT
  5
32E
330
17
100
AcDbEntity
  8
PT-ELEV
100
AcDbText
 10
2552773.458986821
 20
6967296.945046748
 30
0.0
 40
3.0
  1
514.52
 11
2552773.458986821
 21
6967296.945046748
 31
0.0
100
AcDbText
  0
TEXT
  5
32F
330
17
100
AcDbEntity
  8
PT-DESC
100
AcDbText
 10
2552773.458986821
 20
6967293.495046748
 30
0.0
 40
3.0
  1
GS
 11
2552773.458986821
 21
6967293.495046748
 31
0.0
100
AcDbText
  0
POINT
  5
330
330
17
100
AcDbEntity
  8
TOPO-GROUND
100
AcDbPoint
 10
2552768.2703428394
 20
6967319.585185976
 30
515.22
  0
TEXT
  5
331
330
17
100
AcDbEntity
  8
PT-NUMBER
100
AcDbText
 10
2552770.6703428393
 20
6967322.285185976
 30
0.0
 40
3.0
  1
166
 11
2552770.6703428393
 21
6967322.285185976
 31
0.0
100
AcDbText
  0
TEXT
  5
332
330
17
100
AcDbEntity
  8
PT-ELEV
100
AcDbText
 10
2552770.6703428393
 20
6967318.835185976
 30
0.0
 40
3.0
  1
515.22
 11
2552770.6703428393
 21
6967318.835185976
 31
0.0
100
AcDbText
  0
TEXT
  5
333
330
17
100
AcDbEntity
  8
PT-DESC
100
AcDbText
 10
2552770.6703428393
 20
6967315.385185976
 30
0.0
 40
3.0
  1
GS
 11
2552770.6703428393
 21
6967315.385185976
 31
0.0
100
AcDbText
  0
POINT
  5
334
330
17
100
AcDbEntity
  8
TOPO-GROUND
100
AcDbPoint
 10
2552809.153126195
 20
6967081.104560287
 30
511.33
  0
TEXT
  5
335
330
17
100
AcDbEntity
  8
PT-NUMBER
100
AcDbText
 10
2552811.553126195
 20
6967083.804560287
 30
0.0
 40
3.0
  1
167
 11
2552811.553126195
 21
6967083.804560287
 31
0.0
100
AcDbText
  0
TEXT
  5
336
330
17
100
AcDbEntity
  8
PT-ELEV
100
AcDbText
 10
2552811.553126195
 20
6967080.354560287
 30
0.0
 40
3.0
  1
511.33
 11
2552811.553126195
 21
6967080.354560287
 31
0.0
100
AcDbText
  0
TEXT
  5
337
330
17
100
AcDbEntity
  8
PT-DESC
100
AcDbText
 10
2552811.553126195
 20
6967076.904560287
 30
0.0
 40
3.0
  1
GS
 11
2552811.553126195
 21
6967076.904560287
 31
0.0
100
AcDbText
  0
POINT
  5
338
330
17
100
AcDbEntity
  8
TOPO-GROUND
100
AcDbPoint
 10
2552795.6373476735
 20
6967251.4694173755
 30
513.41
  0
TEXT
  5
339
330
17
100
AcDbEntity
  8
PT-NUMBER
100
AcDbText
 10
2552798.0373476734
 20
6967254.169417376
 30
0.0
 40
3.0
  1
168
 11
2552798.0373476734
 21
6967254.169417376
 31
0.0
100
AcDbText
  0
TEXT
  5
33A
330
17
100
AcDbEntity
  8
PT-ELEV
100
AcDbText
 10
2552798.0373476734
 20
6967250.7194173755
 30
0.0
 40
3.0
  1
513.41
 11
2552798.0373476734
 21
6967250.7194173755
 31
0.0
100
AcDbText
  0
TEXT
  5
33B
330
17
100
AcDbEntity
  8
PT-DESC
100
AcDbText
 10
2552798.0373476734
 20
6967247.269417375
 30
0.0
 40
3.0
  1
GS
 11
2552798.0373476734
 21
6967247.269417375
 31
0.0
100
AcDbText
  0
POINT
  5
33C
330
17
100
AcDbEntity
  8
TOPO-GROUND
100
AcDbPoint
 10
2552812.9784447774
 20
6967283.592276437
 30
513.67
  0
TEXT
  5
33D
330
17
100
AcDbEntity
  8
PT-NUMBER
100
AcDbText
 10
2552815.3784447773
 20
6967286.292276437
 30
0.0
 40
3.0
  1
169
 11
2552815.3784447773
 21
6967286.292276437
 31
0.0
100
AcDbText
  0
TEXT
  5
33E
330
17
100
AcDbEntity
  8
PT-ELEV
100
AcDbText
 10
2552815.3784447773
 20
6967282.842276437
 30
0.0
 40
3.0
  1
513.67
 11
2552815.3784447773
 21
6967282.842276437
 31
0.0
100
AcDbText
  0
TEXT
  5
33F
330
17
100
AcDbEntity
  8
PT-DESC
100
AcDbText
 10
2552815.3784447773
 20
6967279.392276437
 30
0.0
 40
3.0
  1
GS
 11
2552815.3784447773
 21
6967279.392276437
 31
0.0
100
AcDbText
  0
POINT
  5
340
330
17
100
AcDbEntity
  8
TOPO-GROUND
100
AcDbPoint
 10
2552801.42995483
 20
6967318.095960652
 30
514.97
  0
TEXT
  5
341
330
17
100
AcDbEntity
  8
PT-NUMBER
100
AcDbText
 10
2552803.82995483
 20
6967320.795960653
 30
0.0
 40
3.0
  1
170
 11
2552803.82995483
 21
6967320.795960653
 31
0.0
100
AcDbText
  0
TEXT
  5
342
330
17
100
AcDbEntity
  8
PT-ELEV
100
AcDbText
 10
2552803.82995483
 20
6967317.345960652
 30
0.0
 40
3.0
  1
514.97
 11
2552803.82995483
 21
6967317.345960652
 31
0.0
100
AcDbText
  0
TEXT
  5
343
330
17
100
AcDbEntity
  8
PT-DESC
100
AcDbText
 10
2552803.82995483
 20
6967313.895960652
 30
0.0
 40
3.0
  1
GS
 11
2552803.82995483
 21
6967313.895960652
 31
0.0
100
AcDbText
  0
POINT
  5
344
330
17
100
AcDbEntity
  8
TOPO-GROUND
100
AcDbPoint
 10
2552844.4545055935
 20
6967067.875468319
 30
510.84
  0
TEXT
  5
345
330
17
100
AcDbEntity
  8
PT-NUMBER
100
AcDbText
 10
2552846.8545055934
 20
6967070.5754683195
 30
0.0
 40
3.0
  1
171
 11
2552846.8545055934
 21
6967070.5754683195
 31
0.0
100
AcDbText
  0
TEXT
  5
346
330
17
100
AcDbEntity
  8
PT-ELEV
100
AcDbText
 10
2552846.8545055934
 20
6967067.125468319
 30
0.0
 40
3.0
  1
510.84
 11
2552846.8545055934
 21
6967067.125468319
 31
0.0
100
AcDbText
  0
TEXT
  5
347
330
17
100
AcDbEntity
  8
PT-DESC
100
AcDbText
 10
2552846.8545055934
 20
6967063.675468319
 30
0.0
 40
3.0
  1
GS
 11
2552846.8545055934
 21
6967063.675468319
 31
0.0
100
AcDbText
  0
POINT
  5
348
330
17
100
AcDbEntity
  8
TOPO-GROUND
100
AcDbPoint
 10
2552834.4160556556
 20
6967255.997636173
 30
513.07
  0
TEXT
  5
349
330
17
100
AcDbEntity
  8
PT-NUMBER
100
AcDbText
 10
2552836.8160556555
 20
6967258.697636173
 30
0.0
 40
3.0
  1
172
 11
2552836.8160556555
 21
6967258.697636173
 31
0.0
100
AcDbText
  0
TEXT
  5
34A
330
17
100
AcDbEntity
  8
PT-ELEV
100
AcDbText
 10
2552836.8160556555
 20
6967255.247636173
 30
0.0
 40
3.0
  1
513.07
 11
2552836.8160556555
 21
6967255.247636173
 31
0.0
100
AcDbText
  0
TEXT
  5
34B
330
17
100
AcDbEntity
  8
PT-DESC
100
AcDbText
 10
2552836.8160556555
 20
6967251.797636173
 30
0.0
 40
3.0
  1
GS
 11
2552836.8160556555
 21
6967251.797636173
 31
0.0
100
AcDbText
  0
POINT
  5
34C
330
17
100
AcDbEntity
  8
TOPO-GROUND
100
AcDbPoint
 10
2552833.6955007915
 20
6967283.074275066
 30
513.51
  0
TEXT
  5
34D
330
17
100
AcDbEntity
  8
PT-NUMBER
100
AcDbText
 10
2552836.0955007914
 20
6967285.774275066
 30
0.0
 40
3.0
  1
173
 11
2552836.0955007914
 21
6967285.774275066
 31
0.0
100
AcDbText
  0
TEXT
  5
34E
330
17
100
AcDbEntity
  8
PT-ELEV
100
AcDbText
 10
2552836.0955007914
 20
6967282.324275066
 30
0.0
 40
3.0
  1
513.51
 11
2552836.0955007914
 21
6967282.324275066
 31
0.0
100
AcDbText
  0
TEXT
  5
34F
330
17
100
AcDbEntity
  8
PT-DESC
100
AcDbText
 10
2552836.0955007914
 20
6967278.874275066
 30
0.0
 40
3.0
  1
GS
 11
2552836.0955007914
 21
6967278.874275066
 31
0.0
100
AcDbText
  0
POINT
  5
350
330
17
100
AcDbEntity
  8
TOPO-GROUND
100
AcDbPoint
 10
2552844.465650997
 20
6967322.846411648
 30
514.7
  0
TEXT
  5
351
330
17
100
AcDbEntity
  8
PT-NUMBER
100
AcDbText
 10
2552846.865650997
 20
6967325.546411648
 30
0.0
 40
3.0
  1
174
 11
2552846.865650997
 21
6967325.546411648
 31
0.0
100
AcDbText
  0
TEXT
  5
352
330
17
100
AcDbEntity
  8
PT-ELEV
100
AcDbText
 10
2552846.865650997
 20
6967322.096411648
 30
0.0
 40
3.0
  1
514.70
 11
2552846.865650997
 21
6967322.096411648
 31
0.0
100
AcDbText
  0
TEXT
  5
353
330
17
100
AcDbEntity
  8
PT-DESC
100
AcDbText
 10
2552846.865650997
 20
6967318.646411648
 30
0.0
 40
3.0
  1
GS
 11
2552846.865650997
 21
6967318.646411648
 31
0.0
100
AcDbText
  0
POINT
  5
354
330
17
100
AcDbEntity
  8
TOPO-GROUND
100
AcDbPoint
 10
2552877.3371897982
 20
6967067.351862122
 30
510.98
  0
TEXT
  5
355
330
17
100
AcDbEntity
  8
PT-NUMBER
100
AcDbText
 10
2552879.737189798
 20
6967070.0518621225
 30
0.0
 40
3.0
  1
175
 11
2552879.737189798
 21
6967070.0518621225
 31
0.0
100
AcDbText
  0
TEXT
  5
356
330
17
100
AcDbEntity
  8
PT-ELEV
100
AcDbText
 10
2552879.737189798
 20
6967066.601862122
 30
0.0
 40
3.0
  1
510.98
 11
2552879.737189798
 21
6967066.601862122
 31
0.0
100
AcDbText
  0
TEXT
  5
357
330
17
100
AcDbEntity
  8
PT-DESC
100
AcDbText
 10
2552879.737189798
 20
6967063.151862122
 30
0.0
 40
3.0
  1
GS
 11
2552879.737189798
 21
6967063.151862122
 31
0.0
100
AcDbText
  0
POINT
  5
358
330
17
100
AcDbEntity
  8
TOPO-GROUND
100
AcDbPoint
 10
2552878.1148280725
 20
6967189.427499024
 30
512.95
  0
TEXT
  5
359
330
17
100
AcDbEntity
  8
PT-NUMBER
100
AcDbText
 10
2552880.5148280724
 20
6967192.127499024
 30
0.0
 40
3.0
  1
176
 11
2552880.5148280724
 21
6967192.127499024
 31
0.0
100
AcDbText
  0
TEXT
  5
35A
330
17
100
AcDbEntity
  8
PT-ELEV
100
AcDbText
 10
2552880.5148280724
 20
6967188.677499024
 30
0.0
 40
3.0
  1
512.95
 11
2552880.5148280724
 21
6967188.677499024
 31
0.0
100
AcDbText
  0
TEXT
  5
35B
330
17
100
AcDbEntity
  8
PT-DESC
100
AcDbText
 10
2552880.5148280724
 20
6967185.227499024
 30
0.0
 40
3.0
  1
GS
 11
2552880.5148280724
 21
6967185.227499024
 31
0.0
100
AcDbText
  0
POINT
  5
35C
330
17
100
AcDbEntity
  8
TOPO-GROUND
100
AcDbPoint
 10
2552872.5509500303
 20
6967219.107036487
 30
512.89
  0
TEXT
  5
35D
330
17
100
AcDbEntity
  8
PT-NUMBER
100
AcDbText
 10
2552874.9509500302
 20
6967221.807036487
 30
0.0
 40
3.0
  1
177
 11
2552874.9509500302
 21
6967221.807036487
 31
0.0
100
AcDbText
  0
TEXT
  5
35E
330
17
100
AcDbEntity
  8
PT-ELEV
100
AcDbText
 10
2552874.9509500302
 20
6967218.357036487
 30
0.0
 40
3.0
  1
512.89
 11
2552874.9509500302
 21
6967218.357036487
 31
0.0
100
AcDbText
  0
TEXT
  5
35F
330
17
100
AcDbEntity
  8
PT-DESC
100
AcDbText
 10
2552874.9509500302
 20
6967214.907036487
 30
0.0
 40
3.0
  1
GS
 11
2552874.9509500302
 21
6967214.907036487
 31
0.0
100
AcDbText
  0
POINT
  5
360
330
17
100
AcDbEntity
  8
TOPO-GROUND
100
AcDbPoint
 10
2552887.330592273
 20
6967257.60439304
 30
512.94
  0
TEXT
  5
361
330
17
100
AcDbEntity
  8
PT-NUMBER
100
AcDbText
 10
2552889.7305922727
 20
6967260.30439304
 30
0.0
 40
3.0
  1
178
 11
2552889.7305922727
 21
6967260.30439304
 31
0.0
100
AcDbText
  0
TEXT
  5
362
330
17
100
AcDbEntity
  8
PT-ELEV
100
AcDbText
 10
2552889.7305922727
 20
6967256.85439304
 30
0.0
 40
3.0
  1
512.94
 11
2552889.7305922727
 21
6967256.85439304
 31
0.0
100
AcDbText
  0
TEXT
  5
363
330
17
100
AcDbEntity
  8
PT-DESC
100
AcDbText
 10
2552889.7305922727
 20
6967253.40439304
 30
0.0
 40
3.0
  1
GS
 11
2552889.7305922727
 21
6967253.40439304
 31
0.0
100
AcDbText
  0
POINT
  5
364
330
17
100
AcDbEntity
  8
TOPO-GROUND
100
AcDbPoint
 10
2552885.5152256372
 20
6967293.300745273
 30
513.49
  0
TEXT
  5
365
330
17
100
AcDbEntity
  8
PT-NUMBER
100
AcDbText
 10
2552887.915225637
 20
6967296.000745273
 30
0.0
 40
3.0
  1
179
 11
2552887.915225637
 21
6967296.000745273
 31
0.0
100
AcDbText
  0
TEXT
  5
366
330
17
100
AcDbEntity
  8
PT-ELEV
100
AcDbText
 10
2552887.915225637
 20
6967292.550745273
 30
0.0
 40
3.0
  1
513.49
 11
2552887.915225637
 21
6967292.550745273
 31
0.0
100
AcDbText
  0
TEXT
  5
367
330
17
100
AcDbEntity
  8
PT-DESC
100
AcDbText
 10
2552887.915225637
 20
6967289.100745273
 30
0.0
 40
3.0
  1
GS
 11
2552887.915225637
 21
6967289.100745273
 31
0.0
100
AcDbText
  0
POINT
  5
368
330
17
100
AcDbEntity
  8
TOPO-GROUND
100
AcDbPoint
 10
2552879.3689870685
 20
6967317.887807797
 30
514.25
  0
TEXT
  5
369
330
17
100
AcDbEntity
  8
PT-NUMBER
100
AcDbText
 10
2552881.7689870684
 20
6967320.587807797
 30
0.0
 40
3.0
  1
180
 11
2552881.7689870684
 21
6967320.587807797
 31
0.0
100
AcDbText
  0
TEXT
  5
36A
330
17
100
AcDbEntity
  8
PT-ELEV
100
AcDbText
 10
2552881.7689870684
 20
6967317.137807797
 30
0.0
 40
3.0
  1
514.25
 11
2552881.7689870684
 21
6967317.137807797
 31
0.0
100
AcDbText
  0
TEXT
  5
36B
330
17
100
AcDbEntity
  8
PT-DESC
100
AcDbText
 10
2552881.7689870684
 20
6967313.6878077965
 30
0.0
 40
3.0
  1
GS
 11
2552881.7689870684
 21
6967313.6878077965
 31
0.0
100
AcDbText
  0
POINT
  5
36C
330
17
100
AcDbEntity
  8
TOPO-GROUND
100
AcDbPoint
 10
2552921.935415909
 20
6967079.483305799
 30
511.74
  0
TEXT
  5
36D
330
17
100
AcDbEntity
  8
PT-NUMBER
100
AcDbText
 10
2552924.335415909
 20
6967082.183305799
 30
0.0
 40
3.0
  1
181
 11
2552924.335415909
 21
6967082.183305799
 31
0.0
100
AcDbText
  0
TEXT
  5
36E
330
17
100
AcDbEntity
  8
PT-ELEV
100
AcDbText
 10
2552924.335415909
 20
6967078.733305799
 30
0.0
 40
3.0
  1
511.74
 11
2552924.335415909
 21
6967078.733305799
 31
0.0
100
AcDbText
  0
TEXT
  5
36F
330
17
100
AcDbEntity
  8
PT-DESC
100
AcDbText
 10
2552924.335415909
 20
6967075.283305799
 30
0.0
 40
3.0
  1
GS
 11
2552924.335415909
 21
6967075.283305799
 31
0.0
100
AcDbText
  0
POINT
  5
370
330
17
100
AcDbEntity
  8
TOPO-GROUND
100
AcDbPoint
 10
2552913.8106363853
 20
6967115.215329261
 30
512.6
  0
TEXT
  5
371
330
17
100
AcDbEntity
  8
PT-NUMBER
100
AcDbText
 10
2552916.2106363853
 20
6967117.915329261
 30
0.0
 40
3.0
  1
182
 11
2552916.2106363853
 21
6967117.915329261
 31
0.0
100
AcDbText
  0
TEXT
  5
372
330
17
100
AcDbEntity
  8
PT-ELEV
100
AcDbText
 10
2552916.2106363853
 20
6967114.465329261
 30
0.0
 40
3.0
  1
512.60
 11
2552916.2106363853
 21
6967114.465329261
 31
0.0
100
AcDbText
  0
TEXT
  5
373
330
17
100
AcDbEntity
  8
PT-DESC
100
AcDbText
 10
2552916.2106363853
 20
6967111.01532926
 30
0.0
 40
3.0
  1
GS
 11
2552916.2106363853
 21
6967111.01532926
 31
0.0
100
AcDbText
  0
POINT
  5
374
330
17
100
AcDbEntity
  8
TOPO-GROUND
100
AcDbPoint
 10
2552911.482118603
 20
6967144.027020605
 30
513.24
  0
TEXT
  5
375
330
17
100
AcDbEntity
  8
PT-NUMBER
100
AcDbText
 10
2552913.8821186027
 20
6967146.7270206055
 30
0.0
 40
3.0
  1
183
 11
2552913.8821186027
 21
6967146.7270206055
 31
0.0
100
AcDbText
  0
TEXT
  5
376
330
17
100
AcDbEntity
  8
PT-ELEV
100
AcDbText
 10
2552913.8821186027
 20
6967143.277020605
 30
0.0
 40
3.0
  1
513.24
 11
2552913.8821186027
 21
6967143.277020605
 31
0.0
100
AcDbText
  0
TEXT
  5
377
330
17
100
AcDbEntity
  8
PT-DESC
100
AcDbText
 10
2552913.8821186027
 20
6967139.827020605
 30
0.0
 40
3.0
  1
GS
 11
2552913.8821186027
 21
6967139.827020605
 31
0.0
100
AcDbText
  0
POINT
  5
378
330
17
100
AcDbEntity
  8
TOPO-GROUND
100
AcDbPoint
 10
2552914.1447986574
 20
6967183.904092282
 30
513.39
  0
TEXT
  5
379
330
17
100
AcDbEntity
  8
PT-NUMBER
100
AcDbText
 10
2552916.5447986573
 20
6967186.604092282
 30
0.0
 40
3.0
  1
184
 11
2552916.5447986573
 21
6967186.604092282
 31
0.0
100
AcDbText
  0
TEXT
  5
37A
330
17
100
AcDbEntity
  8
PT-ELEV
100
AcDbText
 10
2552916.5447986573
 20
6967183.154092282
 30
0.0
 40
3.0
  1
513.39
 11
2552916.5447986573
 21
6967183.154092282
 31
0.0
100
AcDbText
  0
TEXT
  5
37B
330
17
100
AcDbEntity
  8
PT-DESC
100
AcDbText
 10
2552916.5447986573
 20
6967179.704092282
 30
0.0
 40
3.0
  1
GS
 11
2552916.5447986573
 21
6967179.704092282
 31
0.0
100
AcDbText
  0
POINT
  5
37C
330
17
100
AcDbEntity
  8
TOPO-GROUND
100
AcDbPoint
 10
2552913.3167178477
 20
6967220.206214781
 30
513.15
  0
TEXT
  5
37D
330
17
100
AcDbEntity
  8
PT-NUMBER
100
AcDbText
 10
2552915.7167178476
 20
6967222.906214781
 30
0.0
 40
3.0
  1
185
 11
2552915.7167178476
 21
6967222.906214781
 31
0.0
100
AcDbText
  0
TEXT
  5
37E
330
17
100
AcDbEntity
  8
PT-ELEV
100
AcDbText
 10
2552915.7167178476
 20
6967219.456214781
 30
0.0
 40
3.0
  1
513.15
 11
2552915.7167178476
 21
6967219.456214781
 31
0.0
100
AcDbText
  0
TEXT
  5
37F
330
17
100
AcDbEntity
  8
PT-DESC
100
AcDbText
 10
2552915.7167178476
 20
6967216.006214781
 30
0.0
 40
3.0
  1
GS
 11
2552915.7167178476
 21
6967216.006214781
 31
0.0
100
AcDbText
  0
POINT
  5
380
330
17
100
AcDbEntity
  8
TOPO-GROUND
100
AcDbPoint
 10
2552922.2244127756
 20
6967250.227523129
 30
517.81
  0
TEXT
  5
381
330
17
100
AcDbEntity
  8
PT-NUMBER
100
AcDbText
 10
2552924.6244127755
 20
6967252.92752313
 30
0.0
 40
3.0
  1
186
 11
2552924.6244127755
 21
6967252.92752313
 31
0.0
100
AcDbText
  0
TEXT
  5
382
330
17
100
AcDbEntity
  8
PT-ELEV
100
AcDbText
 10
2552924.6244127755
 20
6967249.477523129
 30
0.0
 40
3.0
  1
517.81
 11
2552924.6244127755
 21
6967249.477523129
 31
0.0
100
AcDbText
  0
TEXT
  5
383
330
17
100
AcDbEntity
  8
PT-DESC
100
AcDbText
 10
2552924.6244127755
 20
6967246.027523129
 30
0.0
 40
3.0
  1
GS
 11
2552924.6244127755
 21
6967246.027523129
 31
0.0
100
AcDbText
  0
POINT
  5
384
330
17
100
AcDbEntity
  8
TOPO-GROUND
100
AcDbPoint
 10
2552916.471988656
 20
6967290.95832422
 30
513.36
  0
TEXT
  5
385
330
17
100
AcDbEntity
  8
PT-NUMBER
100
AcDbText
 10
2552918.871988656
 20
6967293.65832422
 30
0.0
 40
3.0
  1
187
 11
2552918.871988656
 21
6967293.65832422
 31
0.0
100
AcDbText
  0
TEXT
  5
386
330
17
100
AcDbEntity
  8
PT-ELEV
100
AcDbText
 10
2552918.871988656
 20
6967290.20832422
 30
0.0
 40
3.0
  1
513.36
 11
2552918.871988656
 21
6967290.20832422
 31
0.0
100
AcDbText
  0
TEXT
  5
387
330
17
100
AcDbEntity
  8
PT-DESC
100
AcDbText
 10
2552918.871988656
 20
6967286.75832422
 30
0.0
 40
3.0
  1
GS
 11
2552918.871988656
 21
6967286.75832422
 31
0.0
100
AcDbText
  0
POINT
  5
388
330
17
100
AcDbEntity
  8
TOPO-GROUND
100
AcDbPoint
 10
2552918.330792759
 20
6967321.637126978
 30
514.1
  0
TEXT
  5
389
330
17
100
AcDbEntity
  8
PT-NUMBER
100
AcDbText
 10
2552920.730792759
 20
6967324.337126978
 30
0.0
 40
3.0
  1
188
 11
2552920.730792759
 21
6967324.337126978
 31
0.0
100
AcDbText
  0
TEXT
  5
38A
330
17
100
AcDbEntity
  8
PT-ELEV
100
AcDbText
 10
2552920.730792759
 20
6967320.887126978
 30
0.0
 40
3.0
  1
514.10
 11
2552920.730792759
 21
6967320.887126978
 31
0.0
100
AcDbText
  0
TEXT
  5
38B
330
17
100
AcDbEntity
  8
PT-DESC
100
AcDbText
 10
2552920.730792759
 20
6967317.437126977
 30
0.0
 40
3.0
  1
GS
 11
2552920.730792759
 21
6967317.437126977
 31
0.0
100
AcDbText
  0
POINT
  5
38C
330
17
100
AcDbEntity
  8
TOPO-GROUND
100
AcDbPoint
 10
2552948.728997324
 20
6967070.84862617
 30
511.75
  0
TEXT
  5
38D
330
17
100
AcDbEntity
  8
PT-NUMBER
100
AcDbText
 10
2552951.128997324
 20
6967073.5486261705
 30
0.0
 40
3.0
  1
189
 11
2552951.128997324
 21
6967073.5486261705
 31
0.0
100
AcDbText
  0
TEXT
  5
38E
330
17
100
AcDbEntity
  8
PT-ELEV
100
AcDbText
 10
2552951.128997324
 20
6967070.09862617
 30
0.0
 40
3.0
  1
511.75
 11
2552951.128997324
 21
6967070.09862617
 31
0.0
100
AcDbText
  0
TEXT
  5
38F
330
17
100
AcDbEntity
  8
PT-DESC
100
AcDbText
 10
2552951.128997324
 20
6967066.64862617
 30
0.0
 40
3.0
  1
GS
 11
2552951.128997324
 21
6967066.64862617
 31
0.0
100
AcDbText
  0
POINT
  5
390
330
17
100
AcDbEntity
  8
TOPO-GROUND
100
AcDbPoint
 10
2552947.516608501
 20
6967103.7884355495
 30
513.0
  0
TEXT
  5
391
330
17
100
AcDbEntity
  8
PT-NUMBER
100
AcDbText
 10
2552949.9166085008
 20
6967106.48843555
 30
0.0
 40
3.0
  1
190
 11
2552949.9166085008
 21
6967106.48843555
 31
0.0
100
AcDbText
  0
TEXT
  5
392
330
17
100
AcDbEntity
  8
PT-ELEV
100
AcDbText
 10
2552949.9166085008
 20
6967103.0384355495
 30
0.0
 40
3.0
  1
513.00
 11
2552949.9166085008
 21
6967103.0384355495
 31
0.0
100
AcDbText
  0
TEXT
  5
393
330
17
100
AcDbEntity
  8
PT-DESC
100
AcDbText
 10
2552949.9166085008
 20
6967099.588435549
 30
0.0
 40
3.0
  1
GS
 11
2552949.9166085008
 21
6967099.588435549
 31
0.0
100
AcDbText
  0
POINT
  5
394
330
17
100
AcDbEntity
  8
TOPO-GROUND
100
AcDbPoint
 10
2552961.108658876
 20
6967148.465395148
 30
514.22
  0
TEXT
  5
395
330
17
100
AcDbEntity
  8
PT-NUMBER
100
AcDbText
 10
2552963.5086588757
 20
6967151.165395148
 30
0.0
 40
3.0
  1
191
 11
2552963.5086588757
 21
6967151.165395148
 31
0.0
100
AcDbText
  0
TEXT
  5
396
330
17
100
AcDbEntity
  8
PT-ELEV
100
AcDbText
 10
2552963.5086588757
 20
6967147.715395148
 30
0.0
 40
3.0
  1
514.22
 11
2552963.5086588757
 21
6967147.715395148
 31
0.0
100
AcDbText
  0
TEXT
  5
397
330
17
100
AcDbEntity
  8
PT-DESC
100
AcDbText
 10
2552963.5086588757
 20
6967144.265395148
 30
0.0
 40
3.0
  1
GS
 11
2552963.5086588757
 21
6967144.265395148
 31
0.0
100
AcDbText
  0
POINT
  5
398
330
17
100
AcDbEntity
  8
TOPO-GROUND
100
AcDbPoint
 10
2552960.59942126
 20
6967178.378120405
 30
514.18
  0
TEXT
  5
399
330
17
100
AcDbEntity
  8
PT-NUMBER
100
AcDbText
 10
2552962.99942126
 20
6967181.078120405
 30
0.0
 40
3.0
  1
192
 11
2552962.99942126
 21
6967181.078120405
 31
0.0
100
AcDbText
  0
TEXT
  5
39A
330
17
100
AcDbEntity
  8
PT-ELEV
100
AcDbText
 10
2552962.99942126
 20
6967177.628120405
 30
0.0
 40
3.0
  1
514.18
 11
2552962.99942126
 21
6967177.628120405
 31
0.0
100
AcDbText
  0
TEXT
  5
39B
330
17
100
AcDbEntity
  8
PT-DESC
100
AcDbText
 10
2552962.99942126
 20
6967174.1781204045
 30
0.0
 40
3.0
  1
GS
 11
2552962.99942126
 21
6967174.1781204045
 31
0.0
100
AcDbText
  0
POINT
  5
39C
330
17
100
AcDbEntity
  8
TOPO-GROUND
100
AcDbPoint
 10
2552953.1214825585
 20
6967222.497199792
 30
513.36
  0
TEXT
  5
39D
330
17
100
AcDbEntity
  8
PT-NUMBER
100
AcDbText
 10
2552955.5214825585
 20
6967225.197199793
 30
0.0
 40
3.0
  1
193
 11
2552955.5214825585
 21
6967225.197199793
 31
0.0
100
AcDbText
  0
TEXT
  5
39E
330
17
100
AcDbEntity
  8
PT-ELEV
100
AcDbText
 10
2552955.5214825585
 20
6967221.747199792
 30
0.0
 40
3.0
  1
513.36
 11
2552955.5214825585
 21
6967221.747199792
 31
0.0
100
AcDbText
  0
TEXT
  5
39F
330
17
100
AcDbEntity
  8
PT-DESC
100
AcDbText
 10
2552955.5214825585
 20
6967218.297199792
 30
0.0
 40
3.0
  1
GS
 11
2552955.5214825585
 21
6967218.297199792
 31
0.0
100
AcDbText
  0
POINT
  5
3A0
330
17
100
AcDbEntity
  8
TOPO-GROUND
100
AcDbPoint
 10
2552949.7583804578
 20
6967260.776218948
 30
512.98
  0
TEXT
  5
3A1
330
17
100
AcDbEntity
  8
PT-NUMBER
100
AcDbText
 10
2552952.1583804577
 20
6967263.476218948
 30
0.0
 40
3.0
  1
194
 11
2552952.1583804577
 21
6967263.476218948
 31
0.0
100
AcDbText
  0
TEXT
  5
3A2
330
17
100
AcDbEntity
  8
PT-ELEV
100
AcDbText
 10
2552952.1583804577
 20
6967260.026218948
 30
0.0
 40
3.0
  1
512.98
 11
2552952.1583804577
 21
6967260.026218948
 31
0.0
100
AcDbText
  0
TEXT
  5
3A3
330
17
100
AcDbEntity
  8
PT-DESC
100
AcDbText
 10
2552952.1583804577
 20
6967256.576218948
 30
0.0
 40
3.0
  1
GS
 11
2552952.1583804577
 21
6967256.576218948
 31
0.0
100
AcDbText
  0
POINT
  5
3A4
330
17
100
AcDbEntity
  8
TOPO-GROUND
100
AcDbPoint
 10
2552960.4042173047
 20
6967291.072762461
 30
513.22
  0
TEXT
  5
3A5
330
17
100
AcDbEntity
  8
PT-NUMBER
100
AcDbText
 10
2552962.8042173046
 20
6967293.772762462
 30
0.0
 40
3.0
  1
195
 11
2552962.8042173046
 21
6967293.772762462
 31
0.0
100
AcDbText
  0
TEXT
  5
3A6
330
17
100
AcDbEntity
  8
PT-ELEV
100
AcDbText
 10
2552962.8042173046
 20
6967290.322762461
 30
0.0
 40
3.0
  1
513.22
 11
2552962.8042173046
 21
6967290.322762461
 31
0.0
100
AcDbText
  0
TEXT
  5
3A7
330
17
100
AcDbEntity
  8
PT-DESC
100
AcDbText
 10
2552962.8042173046
 20
6967286.872762461
 30
0.0
 40
3.0
  1
GS
 11
2552962.8042173046
 21
6967286.872762461
 31
0.0
100
AcDbText
  0
POINT
  5
3A8
330
17
100
AcDbEntity
  8
TOPO-GROUND
100
AcDbPoint
 10
2552955.061721135
 20
6967327.184274732
 30
514.08
  0
TEXT
  5
3A9
330
17
100
AcDbEntity
  8
PT-NUMBER
100
AcDbText
 10
2552957.461721135
 20
6967329.884274732
 30
0.0
 40
3.0
  1
196
 11
2552957.461721135
 21
6967329.884274732
 31
0.0
100
AcDbText
  0
TEXT
  5
3AA
330
17
100
AcDbEntity
  8
PT-ELEV
100
AcDbText
 10
2552957.461721135
 20
6967326.434274732
 30
0.0
 40
3.0
  1
514.08
 11
2552957.461721135
 21
6967326.434274732
 31
0.0
100
AcDbText
  0
TEXT
  5
3AB
330
17
100
AcDbEntity
  8
PT-DESC
100
AcDbText
 10
2552957.461721135
 20
6967322.984274732
 30
0.0
 40
3.0
  1
GS
 11
2552957.461721135
 21
6967322.984274732
 31
0.0
100
AcDbText
  0
POINT
  5
3AC
330
17
100
AcDbEntity
  8
TOPO-GROUND
100
AcDbPoint
 10
2552994.9912368543
 20
6967079.662864799
 30
512.55
  0
TEXT
  5
3AD
330
17
100
AcDbEntity
  8
PT-NUMBER
100
AcDbText
 10
2552997.3912368543
 20
6967082.362864799
 30
0.0
 40
3.0
  1
197
 11
2552997.3912368543
 21
6967082.362864799
 31
0.0
100
AcDbText
  0
TEXT
  5
3AE
330
17
100
AcDbEntity
  8
PT-ELEV
100
AcDbText
 10
2552997.3912368543
 20
6967078.912864799
 30
0.0
 40
3.0
  1
512.55
 11
2552997.3912368543
 21
6967078.912864799
 31
0.0
100
AcDbText
  0
TEXT
  5
3AF
330
17
100
AcDbEntity
  8
PT-DESC
100
AcDbText
 10
2552997.3912368543
 20
6967075.4628647985
 30
0.0
 40
3.0
  1
GS
 11
2552997.3912368543
 21
6967075.4628647985
 31
0.0
100
AcDbText
  0
POINT
  5
3B0
330
17
100
AcDbEntity
  8
TOPO-GROUND
100
AcDbPoint
 10
2552999.456739516
 20
6967109.929784154
 30
513.85
  0
TEXT
  5
3B1
330
17
100
AcDbEntity
  8
PT-NUMBER
100
AcDbText
 10
2553001.856739516
 20
6967112.629784154
 30
0.0
 40
3.0
  1
198
 11
2553001.856739516
 21
6967112.629784154
 31
0.0
100
AcDbText
  0
TEXT
  5
3B2
330
17
100
AcDbEntity
  8
PT-ELEV
100
AcDbText
 10
2553001.856739516
 20
6967109.179784154
 30
0.0
 40
3.0
  1
513.85
 11
2553001.856739516
 21
6967109.179784154
 31
0.0
100
AcDbText
  0
TEXT
  5
3B3
330
17
100
AcDbEntity
  8
PT-DESC
100
AcDbText
 10
2553001.856739516
 20
6967105.729784153
 30
0.0
 40
3.0
  1
GS
 11
2553001.856739516
 21
6967105.729784153
 31
0.0
100
AcDbText
  0
POINT
  5
3B4
330
17
100
AcDbEntity
  8
TOPO-GROUND
100
AcDbPoint
 10
2552986.949442087
 20
6967152.762609536
 30
514.54
  0
TEXT
  5
3B5
330
17
100
AcDbEntity
  8
PT-NUMBER
100
AcDbText
 10
2552989.349442087
 20
6967155.462609536
 30
0.0
 40
3.0
  1
199
 11
2552989.349442087
 21
6967155.462609536
 31
0.0
100
AcDbText
  0
TEXT
  5
3B6
330
17
100
AcDbEntity
  8
PT-ELEV
100
AcDbText
 10
2552989.349442087
 20
6967152.012609536
 30
0.0
 40
3.0
  1
514.54
 11
2552989.349442087
 21
6967152.012609536
 31
0.0
100
AcDbText
  0
TEXT
  5
3B7
330
17
100
AcDbEntity
  8
PT-DESC
100
AcDbText
 10
2552989.349442087
 20
6967148.562609536
 30
0.0
 40
3.0
  1
GS
 11
2552989.349442087
 21
6967148.562609536
 31
0.0
100
AcDbText
  0
POINT
  5
3B8
330
17
100
AcDbEntity
  8
TOPO-GROUND
100
AcDbPoint
 10
2552986.637325571
 20
6967184.147994333
 30
514.41
  0
TEXT
  5
3B9
330
17
100
AcDbEntity
  8
PT-NUMBER
100
AcDbText
 10
2552989.037325571
 20
6967186.847994333
 30
0.0
 40
3.0
  1
200
 11
2552989.037325571
 21
6967186.847994333
 31
0.0
100
AcDbText
  0
TEXT
  5
3BA
330
17
100
AcDbEntity
  8
PT-ELEV
100
AcDbText
 10
2552989.037325571
 20
6967183.397994333
 30
0.0
 40
3.0
  1
514.41
 11
2552989.037325571
 21
6967183.397994333
 31
0.0
100
AcDbText
  0
TEXT
  5
3BB
330
17
100
AcDbEntity
  8
PT-DESC
100
AcDbText
 10
2552989.037325571
 20
6967179.947994333
 30
0.0
 40
3.0
  1
GS
 11
2552989.037325571
 21
6967179.947994333
 31
0.0
100
AcDbText
  0
POINT
  5
3BC
330
17
100
AcDbEntity
  8
TOPO-GROUND
100
AcDbPoint
 10
2552992.7107068454
 20
6967224.336522742
 30
513.51
  0
TEXT
  5
3BD
330
17
100
AcDbEntity
  8
PT-NUMBER
100
AcDbText
 10
2552995.1107068453
 20
6967227.036522742
 30
0.0
 40
3.0
  1
201
 11
2552995.1107068453
 21
6967227.036522742
 31
0.0
100
AcDbText
  0
TEXT
  5
3BE
330
17
100
AcDbEntity
  8
PT-ELEV
100
AcDbText
 10
2552995.1107068453
 20
6967223.586522742
 30
0.0
 40
3.0
  1
513.51
 11
2552995.1107068453
 21
6967223.586522742
 31
0.0
100
AcDbText
  0
TEXT
  5
3BF
330
17
100
AcDbEntity
  8
PT-DESC
100
AcDbText
 10
2552995.1107068453
 20
6967220.136522742
 30
0.0
 40
3.0
  1
GS
 11
2552995.1107068453
 21
6967220.136522742
 31
0.0
100
AcDbText
  0
POINT
  5
3C0
330
17
100
AcDbEntity
  8
TOPO-GROUND
100
AcDbPoint
 10
2552996.1048265677
 20
6967252.447502672
 30
513.02
  0
TEXT
  5
3C1
330
17
100
AcDbEntity
  8
PT-NUMBER
100
AcDbText
 10
2552998.5048265676
 20
6967255.147502672
 30
0.0
 40
3.0
  1
202
 11
2552998.5048265676
 21
6967255.147502672
 31
0.0
100
AcDbText
  0
TEXT
  5
3C2
330
17
100
AcDbEntity
  8
PT-ELEV
100
AcDbText
 10
2552998.5048265676
 20
6967251.697502672
 30
0.0
 40
3.0
  1
513.02
 11
2552998.5048265676
 21
6967251.697502672
 31
0.0
100
AcDbText
  0
TEXT
  5
3C3
330
17
100
AcDbEntity
  8
PT-DESC
100
AcDbText
 10
2552998.5048265676
 20
6967248.247502672
 30
0.0
 40
3.0
  1
GS
 11
2552998.5048265676
 21
6967248.247502672
 31
0.0
100
AcDbText
  0
POINT
  5
3C4
330
17
100
AcDbEntity
  8
TOPO-GROUND
100
AcDbPoint
 10
2552993.9893688513
 20
6967283.414323352
 30
513.05
  0
TEXT
  5
3C5
330
17
100
AcDbEntity
  8
PT-NUMBER
100
AcDbText
 10
2552996.389368851
 20
6967286.114323352
 30
0.0
 40
3.0
  1
203
 11
2552996.389368851
 21
6967286.114323352
 31
0.0
100
AcDbText
  0
TEXT
  5
3C6
330
17
100
AcDbEntity
  8
PT-ELEV
100
AcDbText
 10
2552996.389368851
 20
6967282.664323352
 30
0.0
 40
3.0
  1
513.05
 11
2552996.389368851
 21
6967282.664323352
 31
0.0
100
AcDbText
  0
TEXT
  5
3C7
330
17
100
AcDbEntity
  8
PT-DESC
100
AcDbText
 10
2552996.389368851
 20
6967279.214323352
 30
0.0
 40
3.0
  1
GS
 11
2552996.389368851
 21
6967279.214323352
 31
0.0
100
AcDbText
  0
POINT
  5
3C8
330
17
100
AcDbEntity
  8
TOPO-GROUND
100
AcDbPoint
 10
2553000.5178988287
 20
6967320.082216415
 30
513.63
  0
TEXT
  5
3C9
330
17
100
AcDbEntity
  8
PT-NUMBER
100
AcDbText
 10
2553002.9178988286
 20
6967322.782216415
 30
0.0
 40
3.0
  1
204
 11
2553002.9178988286
 21
6967322.782216415
 31
0.0
100
AcDbText
  0
TEXT
  5
3CA
330
17
100
AcDbEntity
  8
PT-ELEV
100
AcDbText
 10
2553002.9178988286
 20
6967319.332216415
 30
0.0
 40
3.0
  1
513.63
 11
2553002.9178988286
 21
6967319.332216415
 31
0.0
100
AcDbText
  0
TEXT
  5
3CB
330
17
100
AcDbEntity
  8
PT-DESC
100
AcDbText
 10
2553002.9178988286
 20
6967315.882216414
 30
0.0
 40
3.0
  1
GS
 11
2553002.9178988286
 21
6967315.882216414
 31
0.0
100
AcDbText
  0
POINT
  5
3CC
330
17
100
AcDbEntity
  8
TOPO-GROUND
100
AcDbPoint
 10
2553024.2161753415
 20
6967073.276322656
 30
512.23
  0
TEXT
  5
3CD
330
17
100
AcDbEntity
  8
PT-NUMBER
100
AcDbText
 10
2553026.6161753414
 20
6967075.9763226565
 30
0.0
 40
3.0
  1
205
 11
2553026.6161753414
 21
6967075.9763226565
 31
0.0
100
AcDbText
  0
TEXT
  5
3CE
330
17
100
AcDbEntity
  8
PT-ELEV
100
AcDbText
 10
2553026.6161753414
 20
6967072.526322656
 30
0.0
 40
3.0
  1
512.23
 11
2553026.6161753414
 21
6967072.526322656
 31
0.0
100
AcDbText
  0
TEXT
  5
3CF
330
17
100
AcDbEntity
  8
PT-DESC
100
AcDbText
 10
2553026.6161753414
 20
6967069.076322656
 30
0.0
 40
3.0
  1
GS
 11
2553026.6161753414
 21
6967069.076322656
 31
0.0
100
AcDbText
  0
POINT
  5
3D0
330
17
100
AcDbEntity
  8
TOPO-GROUND
100
AcDbPoint
 10
2553023.796264182
 20
6967118.836731241
 30
514.09
  0
TEXT
  5
3D1
330
17
100
AcDbEntity
  8
PT-NUMBER
100
AcDbText
 10
2553026.1962641818
 20
6967121.536731241
 30
0.0
 40
3.0
  1
206
 11
2553026.1962641818
 21
6967121.536731241
 31
0.0
100
AcDbText
  0
TEXT
  5
3D2
330
17
100
AcDbEntity
  8
PT-ELEV
100
AcDbText
 10
2553026.1962641818
 20
6967118.086731241
 30
0.0
 40
3.0
  1
514.09
 11
2553026.1962641818
 21
6967118.086731241
 31
0.0
100
AcDbText
  0
TEXT
  5
3D3
330
17
100
AcDbEntity
  8
PT-DESC
100
AcDbText
 10
2553026.1962641818
 20
6967114.636731241
 30
0.0
 40
3.0
  1
GS
 11
2553026.1962641818
 21
6967114.636731241
 31
0.0
100
AcDbText
  0
POINT
  5
3D4
330
17
100
AcDbEntity
  8
TOPO-GROUND
100
AcDbPoint
 10
2553025.162524895
 20
6967144.53370875
 30
514.54
  0
TEXT
  5
3D5
330
17
100
AcDbEntity
  8
PT-NUMBER
100
AcDbText
 10
2553027.5625248947
 20
6967147.23370875
 30
0.0
 40
3.0
  1
207
 11
2553027.5625248947
 21
6967147.23370875
 31
0.0
100
AcDbText
  0
TEXT
  5
3D6
330
17
100
AcDbEntity
  8
PT-ELEV
100
AcDbText
 10
2553027.5625248947
 20
6967143.78370875
 30
0.0
 40
3.0
  1
514.54
 11
2553027.5625248947
 21
6967143.78370875
 31
0.0
100
AcDbText
  0
TEXT
  5
3D7
330
17
100
AcDbEntity
  8
PT-DESC
100
AcDbText
 10
2553027.5625248947
 20
6967140.33370875
 30
0.0
 40
3.0
  1
GS
 11
2553027.5625248947
 21
6967140.33370875
 31
0.0
100
AcDbText
  0
POINT
  5
3D8
330
17
100
AcDbEntity
  8
TOPO-GROUND
100
AcDbPoint
 10
2553035.854726426
 20
6967182.747246428
 30
514.19
  0
TEXT
  5
3D9
330
17
100
AcDbEntity
  8
PT-NUMBER
100
AcDbText
 10
2553038.2547264257
 20
6967185.447246429
 30
0.0
 40
3.0
  1
208
 11
2553038.2547264257
 21
6967185.447246429
 31
0.0
100
AcDbText
  0
TEXT
  5
3DA
330
17
100
AcDbEntity
  8
PT-ELEV
100
AcDbText
 10
2553038.2547264257
 20
6967181.997246428
 30
0.0
 40
3.0
  1
514.19
 11
2553038.2547264257
 21
6967181.997246428
 31
0.0
100
AcDbText
  0
TEXT
  5
3DB
330
17
100
AcDbEntity
  8
PT-DESC
100
AcDbText
 10
2553038.2547264257
 20
6967178.547246428
 30
0.0
 40
3.0
  1
GS
 11
2553038.2547264257
 21
6967178.547246428
 31
0.0
100
AcDbText
  0
POINT
  5
3DC
330
17
100
AcDbEntity
  8
TOPO-GROUND
100
AcDbPoint
 10
2553027.597607461
 20
6967224.605583714
 30
513.29
  0
TEXT
  5
3DD
330
17
100
AcDbEntity
  8
PT-NUMBER
100
AcDbText
 10
2553029.9976074607
 20
6967227.3055837145
 30
0.0
 40
3.0
  1
209
 11
2553029.9976074607
 21
6967227.3055837145
 31
0.0
100
AcDbText
  0
TEXT
  5
3DE
330
17
100
AcDbEntity
  8
PT-ELEV
100
AcDbText
 10
2553029.9976074607
 20
6967223.855583714
 30
0.0
 40
3.0
  1
513.29
 11
2553029.9976074607
 21
6967223.855583714
 31
0.0
100
AcDbText
  0
TEXT
  5
3DF
330
17
100
AcDbEntity
  8
PT-DESC
100
AcDbText
 10
2553029.9976074607
 20
6967220.405583714
 30
0.0
 40
3.0
  1
GS
 11
2553029.9976074607
 21
6967220.405583714
 31
0.0
100
AcDbText
  0
POINT
  5
3E0
330
17
100
AcDbEntity
  8
TOPO-GROUND
100
AcDbPoint
 10
2553030.851330757
 20
6967252.299202201
 30
512.69
  0
TEXT
  5
3E1
330
17
100
AcDbEntity
  8
PT-NUMBER
100
AcDbText
 10
2553033.251330757
 20
6967254.999202201
 30
0.0
 40
3.0
  1
210
 11
2553033.251330757
 21
6967254.999202201
 31
0.0
100
AcDbText
  0
TEXT
  5
3E2
330
17
100
AcDbEntity
  8
PT-ELEV
100
AcDbText
 10
2553033.251330757
 20
6967251.549202201
 30
0.0
 40
3.0
  1
512.69
 11
2553033.251330757
 21
6967251.549202201
 31
0.0
100
AcDbText
  0
TEXT
  5
3E3
330
17
100
AcDbEntity
  8
PT-DESC
100
AcDbText
 10
2553033.251330757
 20
6967248.099202201
 30
0.0
 40
3.0
  1
GS
 11
2553033.251330757
 21
6967248.099202201
 31
0.0
100
AcDbText
  0
POINT
  5
3E4
330
17
100
AcDbEntity
  8
TOPO-GROUND
100
AcDbPoint
 10
2553040.473223321
 20
6967282.432667369
 30
512.69
  0
TEXT
  5
3E5
330
17
100
AcDbEntity
  8
PT-NUMBER
100
AcDbText
 10
2553042.873223321
 20
6967285.132667369
 30
0.0
 40
3.0
  1
211
 11
2553042.873223321
 21
6967285.132667369
 31
0.0
100
AcDbText
  0
TEXT
  5
3E6
330
17
100
AcDbEntity
  8
PT-ELEV
100
AcDbText
 10
2553042.873223321
 20
6967281.682667369
 30
0.0
 40
3.0
  1
512.69
 11
2553042.873223321
 21
6967281.682667369
 31
0.0
100
AcDbText
  0
TEXT
  5
3E7
330
17
100
AcDbEntity
  8
PT-DESC
100
AcDbText
 10
2553042.873223321
 20
6967278.232667369
 30
0.0
 40
3.0
  1
GS
 11
2553042.873223321
 21
6967278.232667369
 31
0.0
100
AcDbText
  0
POINT
  5
3E8
330
17
100
AcDbEntity
  8
TOPO-GROUND
100
AcDbPoint
 10
2553029.521880597
 20
6967326.138866288
 30
513.54
  0
TEXT
  5
3E9
330
17
100
AcDbEntity
  8
PT-NUMBER
100
AcDbText
 10
2553031.921880597
 20
6967328.838866288
 30
0.0
 40
3.0
  1
212
 11
2553031.921880597
 21
6967328.838866288
 31
0.0
100
AcDbText
  0
TEXT
  5
3EA
330
17
100
AcDbEntity
  8
PT-ELEV
100
AcDbText
 10
2553031.921880597
 20
6967325.388866288
 30
0.0
 40
3.0
  1
513.54
 11
2553031.921880597
 21
6967325.388866288
 31
0.0
100
AcDbText
  0
TEXT
  5
3EB
330
17
100
AcDbEntity
  8
PT-DESC
100
AcDbText
 10
2553031.921880597
 20
6967321.9388662875
 30
0.0
 40
3.0
  1
GS
 11
2553031.921880597
 21
6967321.9388662875
 31
0.0
100
AcDbText
  0
POINT
  5
3EC
330
17
100
AcDbEntity
  8
TOPO-GROUND
100
AcDbPoint
 10
2553061.9628130225
 20
6967068.950320529
 30
511.33
  0
TEXT
  5
3ED
330
17
100
AcDbEntity
  8
PT-NUMBER
100
AcDbText
 10
2553064.3628130225
 20
6967071.650320529
 30
0.0
 40
3.0
  1
213
 11
2553064.3628130225
 21
6967071.650320529
 31
0.0
100
AcDbText
  0
TEXT
  5
3EE
330
17
100
AcDbEntity
  8
PT-ELEV
100
AcDbText
 10
2553064.3628130225
 20
6967068.200320529
 30
0.0
 40
3.0
  1
511.33
 11
2553064.3628130225
 21
6967068.200320529
 31
0.0
100
AcDbText
  0
TEXT
  5
3EF
330
17
100
AcDbEntity
  8
PT-DESC
100
AcDbText
 10
2553064.3628130225
 20
6967064.750320529
 30
0.0
 40
3.0
  1
GS
 11
2553064.3628130225
 21
6967064.750320529
 31
0.0
100
AcDbText
  0
POINT
  5
3F0
330
17
100
AcDbEntity
  8
TOPO-GROUND
100
AcDbPoint
 10
2553074.3070745803
 20
6967111.9784576595
 30
512.74
  0
TEXT
  5
3F1
330
17
100
AcDbEntity
  8
PT-NUMBER
100
AcDbText
 10
2553076.7070745802
 20
6967114.67845766
 30
0.0
 40
3.0
  1
214
 11
2553076.7070745802
 21
6967114.67845766
 31
0.0
100
AcDbText
  0
TEXT
  5
3F2
330
17
100
AcDbEntity
  8
PT-ELEV
100
AcDbText
 10
2553076.7070745802
 20
6967111.2284576595
 30
0.0
 40
3.0
  1
512.74
 11
2553076.7070745802
 21
6967111.2284576595
 31
0.0
100
AcDbText
  0
TEXT
  5
3F3
330
17
100
AcDbEntity
  8
PT-DESC
100
AcDbText
 10
2553076.7070745802
 20
6967107.778457659
 30
0.0
 40
3.0
  1
GS
 11
2553076.7070745802
 21
6967107.778457659
 31
0.0
100
AcDbText
  0
POINT
  5
3F4
330
17
100
AcDbEntity
  8
TOPO-GROUND
100
AcDbPoint
 10
2553061.810231363
 20
6967145.136535071
 30
513.75
  0
TEXT
  5
3F5
330
17
100
AcDbEntity
  8
PT-NUMBER
100
AcDbText
 10
2553064.210231363
 20
6967147.836535071
 30
0.0
 40
3.0
  1
215
 11
2553064.210231363
 21
6967147.836535071
 31
0.0
100
AcDbText
  0
TEXT
  5
3F6
330
17
100
AcDbEntity
  8
PT-ELEV
100
AcDbText
 10
2553064.210231363
 20
6967144.386535071
 30
0.0
 40
3.0
  1
513.75
 11
2553064.210231363
 21
6967144.386535071
 31
0.0
100
AcDbText
  0
TEXT
  5
3F7
330
17
100
AcDbEntity
  8
PT-DESC
100
AcDbText
 10
2553064.210231363
 20
6967140.936535071
 30
0.0
 40
3.0
  1
GS
 11
2553064.210231363
 21
6967140.936535071
 31
0.0
100
AcDbText
  0
POINT
  5
3F8
330
17
100
AcDbEntity
  8
TOPO-GROUND
100
AcDbPoint
 10
2553076.9727078653
 20
6967189.724237551
 30
512.94
  0
TEXT
  5
3F9
330
17
100
AcDbEntity
  8
PT-NUMBER
100
AcDbText
 10
2553079.372707865
 20
6967192.424237551
 30
0.0
 40
3.0
  1
216
 11
2553079.372707865
 21
6967192.424237551
 31
0.0
100
AcDbText
  0
TEXT
  5
3FA
330
17
100
AcDbEntity
  8
PT-ELEV
100
AcDbText
 10
2553079.372707865
 20
6967188.974237551
 30
0.0
 40
3.0
  1
512.94
 11
2553079.372707865
 21
6967188.974237551
 31
0.0
100
AcDbText
  0
TEXT
  5
3FB
330
17
100
AcDbEntity
  8
PT-DESC
100
AcDbText
 10
2553079.372707865
 20
6967185.524237551
 30
0.0
 40
3.0
  1
GS
 11
2553079.372707865
 21
6967185.524237551
 31
0.0
100
AcDbText
  0
POINT
  5
3FC
330
17
100
AcDbEntity
  8
TOPO-GROUND
100
AcDbPoint
 10
2553074.4293169104
 20
6967215.576162236
 30
512.46
  0
TEXT
  5
3FD
330
17
100
AcDbEntity
  8
PT-NUMBER
100
AcDbText
 10
2553076.8293169104
 20
6967218.276162236
 30
0.0
 40
3.0
  1
217
 11
2553076.8293169104
 21
6967218.276162236
 31
0.0
100
AcDbText
  0
TEXT
  5
3FE
330
17
100
AcDbEntity
  8
PT-ELEV
100
AcDbText
 10
2553076.8293169104
 20
6967214.826162236
 30
0.0
 40
3.0
  1
512.46
 11
2553076.8293169104
 21
6967214.826162236
 31
0.0
100
AcDbText
  0
TEXT
  5
3FF
330
17
100
AcDbEntity
  8
PT-DESC
100
AcDbText
 10
2553076.8293169104
 20
6967211.376162236
 30
0.0
 40
3.0
  1
GS
 11
2553076.8293169104
 21
6967211.376162236
 31
0.0
100
AcDbText
  0
POINT
  5
400
330
17
100
AcDbEntity
  8
TOPO-GROUND
100
AcDbPoint
 10
2553071.3535631937
 20
6967246.555601621
 30
512.11
  0
TEXT
  5
401
330
17
100
AcDbEntity
  8
PT-NUMBER
100
AcDbText
 10
2553073.7535631936
 20
6967249.255601621
 30
0.0
 40
3.0
  1
218
 11
2553073.7535631936
 21
6967249.255601621
 31
0.0
100
AcDbText
  0
TEXT
  5
402
330
17
100
AcDbEntity
  8
PT-ELEV
100
AcDbText
 10
2553073.7535631936
 20
6967245.805601621
 30
0.0
 40
3.0
  1
512.11
 11
2553073.7535631936
 21
6967245.805601621
 31
0.0
100
AcDbText
  0
TEXT
  5
403
330
17
100
AcDbEntity
  8
PT-DESC
100
AcDbText
 10
2553073.7535631936
 20
6967242.355601621
 30
0.0
 40
3.0
  1
GS
 11
2553073.7535631936
 21
6967242.355601621
 31
0.0
100
AcDbText
  0
POINT
  5
404
330
17
100
AcDbEntity
  8
TOPO-GROUND
100
AcDbPoint
 10
2553075.5655983123
 20
6967297.477306973
 30
512.41
  0
TEXT
  5
405
330
17
100
AcDbEntity
  8
PT-NUMBER
100
AcDbText
 10
2553077.965598312
 20
6967300.177306973
 30
0.0
 40
3.0
  1
219
 11
2553077.965598312
 21
6967300.177306973
 31
0.0
100
AcDbText
  0
TEXT
  5
406
330
17
100
AcDbEntity
  8
PT-ELEV
100
AcDbText
 10
2553077.965598312
 20
6967296.727306973
 30
0.0
 40
3.0
  1
512.41
 11
2553077.965598312
 21
6967296.727306973
 31
0.0
100
AcDbText
  0
TEXT
  5
407
330
17
100
AcDbEntity
  8
PT-DESC
100
AcDbText
 10
2553077.965598312
 20
6967293.277306973
 30
0.0
 40
3.0
  1
GS
 11
2553077.965598312
 21
6967293.277306973
 31
0.0
100
AcDbText
  0
POINT
  5
408
330
17
100
AcDbEntity
  8
TOPO-GROUND
100
AcDbPoint
 10
2553063.1129263863
 20
6967333.24484725
 30
513.23
  0
TEXT
  5
409
330
17
100
AcDbEntity
  8
PT-NUMBER
100
AcDbText
 10
2553065.512926386
 20
6967335.94484725
 30
0.0
 40
3.0
  1
220
 11
2553065.512926386
 21
6967335.94484725
 31
0.0
100
AcDbText
  0
TEXT
  5
40A
330
17
100
AcDbEntity
  8
PT-ELEV
100
AcDbText
 10
2553065.512926386
 20
6967332.49484725
 30
0.0
 40
3.0
  1
513.23
 11
2553065.512926386
 21
6967332.49484725
 31
0.0
100
AcDbText
  0
TEXT
  5
40B
330
17
100
AcDbEntity
  8
PT-DESC
100
AcDbText
 10
2553065.512926386
 20
6967329.04484725
 30
0.0
 40
3.0
  1
GS
 11
2553065.512926386
 21
6967329.04484725
 31
0.0
100
AcDbText
  0
POINT
  5
40C
330
17
100
AcDbEntity
  8
TOPO-GROUND
100
AcDbPoint
 10
2553111.1212639743
 20
6967071.719030603
 30
509.88
  0
TEXT
  5
40D
330
17
100
AcDbEntity
  8
PT-NUMBER
100
AcDbText
 10
2553113.5212639743
 20
6967074.419030603
 30
0.0
 40
3.0
  1
221
 11
2553113.5212639743
 21
6967074.419030603
 31
0.0
100
AcDbText
  0
TEXT
  5
40E
330
17
100
AcDbEntity
  8
PT-ELEV
100
AcDbText
 10
2553113.5212639743
 20
6967070.969030603
 30
0.0
 40
3.0
  1
509.88
 11
2553113.5212639743
 21
6967070.969030603
 31
0.0
100
AcDbText
  0
TEXT
  5
40F
330
17
100
AcDbEntity
  8
PT-DESC
100
AcDbText
 10
2553113.5212639743
 20
6967067.519030603
 30
0.0
 40
3.0
  1
GS
 11
2553113.5212639743
 21
6967067.519030603
 31
0.0
100
AcDbText
  0
POINT
  5
410
330
17
100
AcDbEntity
  8
TOPO-GROUND
100
AcDbPoint
 10
2553104.2508702297
 20
6967113.971817708
 30
511.55
  0
TEXT
  5
411
330
17
100
AcDbEntity
  8
PT-NUMBER
100
AcDbText
 10
2553106.6508702296
 20
6967116.671817708
 30
0.0
 40
3.0
  1
222
 11
2553106.6508702296
 21
6967116.671817708
 31
0.0
100
AcDbText
  0
TEXT
  5
412
330
17
100
AcDbEntity
  8
PT-ELEV
100
AcDbText
 10
2553106.6508702296
 20
6967113.221817708
 30
0.0
 40
3.0
  1
511.55
 11
2553106.6508702296
 21
6967113.221817708
 31
0.0
100
AcDbText
  0
TEXT
  5
413
330
17
100
AcDbEntity
  8
PT-DESC
100
AcDbText
 10
2553106.6508702296
 20
6967109.771817707
 30
0.0
 40
3.0
  1
GS
 11
2553106.6508702296
 21
6967109.771817707
 31
0.0
100
AcDbText
  0
POINT
  5
414
330
17
100
AcDbEntity
  8
TOPO-GROUND
100
AcDbPoint
 10
2553111.448556633
 20
6967146.038865765
 30
511.78
  0
TEXT
  5
415
330
17
100
AcDbEntity
  8
PT-NUMBER
100
AcDbText
 10
2553113.848556633
 20
6967148.738865765
 30
0.0
 40
3.0
  1
223
 11
2553113.848556633
 21
6967148.738865765
 31
0.0
100
AcDbText
  0
TEXT
  5
416
330
17
100
AcDbEntity
  8
PT-ELEV
100
AcDbText
 10
2553113.848556633
 20
6967145.288865765
 30
0.0
 40
3.0
  1
511.78
 11
2553113.848556633
 21
6967145.288865765
 31
0.0
100
AcDbText
  0
TEXT
  5
417
330
17
100
AcDbEntity
  8
PT-DESC
100
AcDbText
 10
2553113.848556633
 20
6967141.838865764
 30
0.0
 40
3.0
  1
GS
 11
2553113.848556633
 21
6967141.838865764
 31
0.0
100
AcDbText
  0
POINT
  5
418
330
17
100
AcDbEntity
  8
TOPO-GROUND
100
AcDbPoint
 10
2553116.417302244
 20
6967175.989629298
 30
511.5
  0
TEXT
  5
419
330
17
100
AcDbEntity
  8
PT-NUMBER
100
AcDbText
 10
2553118.817302244
 20
6967178.689629299
 30
0.0
 40
3.0
  1
224
 11
2553118.817302244
 21
6967178.689629299
 31
0.0
100
AcDbText
  0
TEXT
  5
41A
330
17
100
AcDbEntity
  8
PT-ELEV
100
AcDbText
 10
2553118.817302244
 20
6967175.239629298
 30
0.0
 40
3.0
  1
511.50
 11
2553118.817302244
 21
6967175.239629298
 31
0.0
100
AcDbText
  0
TEXT
  5
41B
330
17
100
AcDbEntity
  8
PT-DESC
100
AcDbText
 10
2553118.817302244
 20
6967171.789629298
 30
0.0
 40
3.0
  1
GS
 11
2553118.817302244
 21
6967171.789629298
 31
0.0
100
AcDbText
  0
POINT
  5
41C
330
17
100
AcDbEntity
  8
TOPO-GROUND
100
AcDbPoint
 10
2553101.8748635314
 20
6967225.874225483
 30
511.35
  0
TEXT
  5
41D
330
17
100
AcDbEntity
  8
PT-NUMBER
100
AcDbText
 10
2553104.2748635313
 20
6967228.574225483
 30
0.0
 40
3.0
  1
225
 11
2553104.2748635313
 21
6967228.574225483
 31
0.0
100
AcDbText
  0
TEXT
  5
41E
330
17
100
AcDbEntity
  8
PT-ELEV
100
AcDbText
 10
2553104.2748635313
 20
6967225.124225483
 30
0.0
 40
3.0
  1
511.35
 11
2553104.2748635313
 21
6967225.124225483
 31
0.0
100
AcDbText
  0
TEXT
  5
41F
330
17
100
AcDbEntity
  8
PT-DESC
100
AcDbText
 10
2553104.2748635313
 20
6967221.674225483
 30
0.0
 40
3.0
  1
GS
 11
2553104.2748635313
 21
6967221.674225483
 31
0.0
100
AcDbText
  0
POINT
  5
420
330
17
100
AcDbEntity
  8
TOPO-GROUND
100
AcDbPoint
 10
2553104.9753882815
 20
6967248.029765277
 30
511.24
  0
TEXT
  5
421
330
17
100
AcDbEntity
  8
PT-NUMBER
100
AcDbText
 10
2553107.3753882814
 20
6967250.729765277
 30
0.0
 40
3.0
  1
226
 11
2553107.3753882814
 21
6967250.729765277
 31
0.0
100
AcDbText
  0
TEXT
  5
422
330
17
100
AcDbEntity
  8
PT-ELEV
100
AcDbText
 10
2553107.3753882814
 20
6967247.279765277
 30
0.0
 40
3.0
  1
511.24
 11
2553107.3753882814
 21
6967247.279765277
 31
0.0
100
AcDbText
  0
TEXT
  5
423
330
17
100
AcDbEntity
  8
PT-DESC
100
AcDbText
 10
2553107.3753882814
 20
6967243.829765277
 30
0.0
 40
3.0
  1
GS
 11
2553107.3753882814
 21
6967243.829765277
 31
0.0
100
AcDbText
  0
POINT
  5
424
330
17
100
AcDbEntity
  8
TOPO-GROUND
100
AcDbPoint
 10
2553106.1812606594
 20
6967283.289242438
 30
511.6
  0
TEXT
  5
425
330
17
100
AcDbEntity
  8
PT-NUMBER
100
AcDbText
 10
2553108.5812606593
 20
6967285.989242438
 30
0.0
 40
3.0
  1
227
 11
2553108.5812606593
 21
6967285.989242438
 31
0.0
100
AcDbText
  0
TEXT
  5
426
330
17
100
AcDbEntity
  8
PT-ELEV
100
AcDbText
 10
2553108.5812606593
 20
6967282.539242438
 30
0.0
 40
3.0
  1
511.60
 11
2553108.5812606593
 21
6967282.539242438
 31
0.0
100
AcDbText
  0
TEXT
  5
427
330
17
100
AcDbEntity
  8
PT-DESC
100
AcDbText
 10
2553108.5812606593
 20
6967279.089242438
 30
0.0
 40
3.0
  1
GS
 11
2553108.5812606593
 21
6967279.089242438
 31
0.0
100
AcDbText
  0
POINT
  5
428
330
17
100
AcDbEntity
  8
TOPO-GROUND
100
AcDbPoint
 10
2553106.0434467983
 20
6967327.497031677
 30
512.55
  0
TEXT
  5
429
330
17
100
AcDbEntity
  8
PT-NUMBER
100
AcDbText
 10
2553108.4434467983
 20
6967330.197031677
 30
0.0
 40
3.0
  1
228
 11
2553108.4434467983
 21
6967330.197031677
 31
0.0
100
AcDbText
  0
TEXT
  5
42A
330
17
100
AcDbEntity
  8
PT-ELEV
100
AcDbText
 10
2553108.4434467983
 20
6967326.747031677
 30
0.0
 40
3.0
  1
512.55
 11
2553108.4434467983
 21
6967326.747031677
 31
0.0
100
AcDbText
  0
TEXT
  5
42B
330
17
100
AcDbEntity
  8
PT-DESC
100
AcDbText
 10
2553108.4434467983
 20
6967323.297031676
 30
0.0
 40
3.0
  1
GS
 11
2553108.4434467983
 21
6967323.297031676
 31
0.0
100
AcDbText
  0
POINT
  5
42C
330
17
100
AcDbEntity
  8
TOPO-GROUND
100
AcDbPoint
 10
2552626.4004439586
 20
6967016.469711015
 30
511.97
  0
TEXT
  5
42D
330
17
100
AcDbEntity
  8
PT-NUMBER
100
AcDbText
 10
2552628.8004439585
 20
6967019.169711015
 30
0.0
 40
3.0
  1
229
 11
2552628.8004439585
 21
6967019.169711015
 31
0.0
100
AcDbText
  0
TEXT
  5
42E
330
17
100
AcDbEntity
  8
PT-ELEV
100
AcDbText
 10
2552628.8004439585
 20
6967015.719711015
 30
0.0
 40
3.0
  1
511.97
 11
2552628.8004439585
 21
6967015.719711015
 31
0.0
100
AcDbText
  0
TEXT
  5
42F
330
17
100
AcDbEntity
  8
PT-DESC
100
AcDbText
 10
2552628.8004439585
 20
6967012.269711015
 30
0.0
 40
3.0
  1
GS
 11
2552628.8004439585
 21
6967012.269711015
 31
0.0
100
AcDbText
  0
POINT
  5
430
330
17
100
AcDbEntity
  8
TOPO-GROUND
100
AcDbPoint
 10
2552684.795082394
 20
6967013.865694681
 30
511.27
  0
TEXT
  5
431
330
17
100
AcDbEntity
  8
PT-NUMBER
100
AcDbText
 10
2552687.195082394
 20
6967016.565694681
 30
0.0
 40
3.0
  1
230
 11
2552687.195082394
 21
6967016.565694681
 31
0.0
100
AcDbText
  0
TEXT
  5
432
330
17
100
AcDbEntity
  8
PT-ELEV
100
AcDbText
 10
2552687.195082394
 20
6967013.115694681
 30
0.0
 40
3.0
  1
511.27
 11
2552687.195082394
 21
6967013.115694681
 31
0.0
100
AcDbText
  0
TEXT
  5
433
330
17
100
AcDbEntity
  8
PT-DESC
100
AcDbText
 10
2552687.195082394
 20
6967009.665694681
 30
0.0
 40
3.0
  1
GS
 11
2552687.195082394
 21
6967009.665694681
 31
0.0
100
AcDbText
  0
POINT
  5
434
330
17
100
AcDbEntity
  8
TOPO-GROUND
100
AcDbPoint
 10
2552738.357040959
 20
6967013.397262754
 30
510.6
  0
TEXT
  5
435
330
17
100
AcDbEntity
  8
PT-NUMBER
100
AcDbText
 10
2552740.757040959
 20
6967016.097262754
 30
0.0
 40
3.0
  1
231
 11
2552740.757040959
 21
6967016.097262754
 31
0.0
100
AcDbText
  0
TEXT
  5
436
330
17
100
AcDbEntity
  8
PT-ELEV
100
AcDbText
 10
2552740.757040959
 20
6967012.647262754
 30
0.0
 40
3.0
  1
510.60
 11
2552740.757040959
 21
6967012.647262754
 31
0.0
100
AcDbText
  0
TEXT
  5
437
330
17
100
AcDbEntity
  8
PT-DESC
100
AcDbText
 10
2552740.757040959
 20
6967009.197262754
 30
0.0
 40
3.0
  1
GS
 11
2552740.757040959
 21
6967009.197262754
 31
0.0
100
AcDbText
  0
POINT
  5
438
330
17
100
AcDbEntity
  8
TOPO-GROUND
100
AcDbPoint
 10
2552804.7811595355
 20
6967012.476121845
 30
509.9
  0
TEXT
  5
439
330
17
100
AcDbEntity
  8
PT-NUMBER
100
AcDbText
 10
2552807.1811595354
 20
6967015.176121845
 30
0.0
 40
3.0
  1
232
 11
2552807.1811595354
 21
6967015.176121845
 31
0.0
100
AcDbText
  0
TEXT
  5
43A
330
17
100
AcDbEntity
  8
PT-ELEV
100
AcDbText
 10
2552807.1811595354
 20
6967011.726121845
 30
0.0
 40
3.0
  1
509.90
 11
2552807.1811595354
 21
6967011.726121845
 31
0.0
100
AcDbText
  0
TEXT
  5
43B
330
17
100
AcDbEntity
  8
PT-DESC
100
AcDbText
 10
2552807.1811595354
 20
6967008.276121845
 30
0.0
 40
3.0
  1
GS
 11
2552807.1811595354
 21
6967008.276121845
 31
0.0
100
AcDbText
  0
POINT
  5
43C
330
17
100
AcDbEntity
  8
TOPO-GROUND
100
AcDbPoint
 10
2552859.4636696456
 20
6967015.307137202
 30
509.53
  0
TEXT
  5
43D
330
17
100
AcDbEntity
  8
PT-NUMBER
100
AcDbText
 10
2552861.8636696455
 20
6967018.007137202
 30
0.0
 40
3.0
  1
233
 11
2552861.8636696455
 21
6967018.007137202
 31
0.0
100
AcDbText
  0
TEXT
  5
43E
330
17
100
AcDbEntity
  8
PT-ELEV
100
AcDbText
 10
2552861.8636696455
 20
6967014.557137202
 30
0.0
 40
3.0
  1
509.53
 11
2552861.8636696455
 21
6967014.557137202
 31
0.0
100
AcDbText
  0
TEXT
  5
43F
330
17
100
AcDbEntity
  8
PT-DESC
100
AcDbText
 10
2552861.8636696455
 20
6967011.107137201
 30
0.0
 40
3.0
  1
GS
 11
2552861.8636696455
 21
6967011.107137201
 31
0.0
100
AcDbText
  0
POINT
  5
440
330
17
100
AcDbEntity
  8
TOPO-GROUND
100
AcDbPoint
 10
2552917.826132596
 20
6967014.951162536
 30
509.41
  0
TEXT
  5
441
330
17
100
AcDbEntity
  8
PT-NUMBER
100
AcDbText
 10
2552920.226132596
 20
6967017.651162536
 30
0.0
 40
3.0
  1
234
 11
2552920.226132596
 21
6967017.651162536
 31
0.0
100
AcDbText
  0
TEXT
  5
442
330
17
100
AcDbEntity
  8
PT-ELEV
100
AcDbText
 10
2552920.226132596
 20
6967014.201162536
 30
0.0
 40
3.0
  1
509.41
 11
2552920.226132596
 21
6967014.201162536
 31
0.0
100
AcDbText
  0
TEXT
  5
443
330
17
100
AcDbEntity
  8
PT-DESC
100
AcDbText
 10
2552920.226132596
 20
6967010.7511625355
 30
0.0
 40
3.0
  1
GS
 11
2552920.226132596
 21
6967010.7511625355
 31
0.0
100
AcDbText
  0
POINT
  5
444
330
17
100
AcDbEntity
  8
TOPO-GROUND
100
AcDbPoint
 10
2552972.1813100562
 20
6967014.554538089
 30
509.46
  0
TEXT
  5
445
330
17
100
AcDbEntity
  8
PT-NUMBER
100
AcDbText
 10
2552974.581310056
 20
6967017.254538089
 30
0.0
 40
3.0
  1
235
 11
2552974.581310056
 21
6967017.254538089
 31
0.0
100
AcDbText
  0
TEXT
  5
446
330
17
100
AcDbEntity
  8
PT-ELEV
100
AcDbText
 10
2552974.581310056
 20
6967013.804538089
 30
0.0
 40
3.0
  1
509.46
 11
2552974.581310056
 21
6967013.804538089
 31
0.0
100
AcDbText
  0
TEXT
  5
447
330
17
100
AcDbEntity
  8
PT-DESC
100
AcDbText
 10
2552974.581310056
 20
6967010.354538089
 30
0.0
 40
3.0
  1
GS
 11
2552974.581310056
 21
6967010.354538089
 31
0.0
100
AcDbText
  0
POINT
  5
448
330
17
100
AcDbEntity
  8
TOPO-GROUND
100
AcDbPoint
 10
2553045.853128077
 20
6967013.495221208
 30
508.84
  0
TEXT
  5
449
330
17
100
AcDbEntity
  8
PT-NUMBER
100
AcDbText
 10
2553048.253128077
 20
6967016.195221208
 30
0.0
 40
3.0
  1
236
 11
2553048.253128077
 21
6967016.195221208
 31
0.0
100
AcDbText
  0
TEXT
  5
44A
330
17
100
AcDbEntity
  8
PT-ELEV
100
AcDbText
 10
2553048.253128077
 20
6967012.745221208
 30
0.0
 40
3.0
  1
508.84
 11
2553048.253128077
 21
6967012.745221208
 31
0.0
100
AcDbText
  0
TEXT
  5
44B
330
17
100
AcDbEntity
  8
PT-DESC
100
AcDbText
 10
2553048.253128077
 20
6967009.295221208
 30
0.0
 40
3.0
  1
GS
 11
2553048.253128077
 21
6967009.295221208
 31
0.0
100
AcDbText
  0
POINT
  5
44C
330
17
100
AcDbEntity
  8
TOPO-GROUND
100
AcDbPoint
 10
2553092.286813629
 20
6967011.1636671005
 30
507.73
  0
TEXT
  5
44D
330
17
100
AcDbEntity
  8
PT-NUMBER
100
AcDbText
 10
2553094.6868136288
 20
6967013.863667101
 30
0.0
 40
3.0
  1
237
 11
2553094.6868136288
 21
6967013.863667101
 31
0.0
100
AcDbText
  0
TEXT
  5
44E
330
17
100
AcDbEntity
  8
PT-ELEV
100
AcDbText
 10
2553094.6868136288
 20
6967010.4136671005
 30
0.0
 40
3.0
  1
507.73
 11
2553094.6868136288
 21
6967010.4136671005
 31
0.0
100
AcDbText
  0
TEXT
  5
44F
330
17
100
AcDbEntity
  8
PT-DESC
100
AcDbText
 10
2553094.6868136288
 20
6967006.9636671
 30
0.0
 40
3.0
  1
GS
 11
2553094.6868136288
 21
6967006.9636671
 31
0.0
100
AcDbText
  0
POINT
  5
450
330
17
100
AcDbEntity
  8
TOPO-GROUND
100
AcDbPoint
 10
2553155.619834535
 20
6967011.403592861
 30
506.3
  0
TEXT
  5
451
330
17
100
AcDbEntity
  8
PT-NUMBER
100
AcDbText
 10
2553158.0198345347
 20
6967014.103592861
 30
0.0
 40
3.0
  1
238
 11
2553158.0198345347
 21
6967014.103592861
 31
0.0
100
AcDbText
  0
TEXT
  5
452
330
17
100
AcDbEntity
  8
PT-ELEV
100
AcDbText
 10
2553158.0198345347
 20
6967010.653592861
 30
0.0
 40
3.0
  1
506.30
 11
2553158.0198345347
 21
6967010.653592861
 31
0.0
100
AcDbText
  0
TEXT
  5
453
330
17
100
AcDbEntity
  8
PT-DESC
100
AcDbText
 10
2553158.0198345347
 20
6967007.203592861
 30
0.0
 40
3.0
  1
GS
 11
2553158.0198345347
 21
6967007.203592861
 31
0.0
100
AcDbText
  0
POLYLINE
  5
454
330
17
100
AcDbEntity
  8
ROAD-EP
100
AcDb3dPolyline
 66
1
 10
0.0
 20
0.0
 30
0.0
 70
8
  0
VERTEX
  5
456
330
17
100
AcDbEntity
  8
ROAD-EP
100
AcDbVertex
100
AcDb3dPolylineVertex
 10
2552600.0
 20
6967028.0
 30
512.41
 70
32
  0
VERTEX
  5
457
330
17
100
AcDbEntity
  8
ROAD-EP
100
AcDbVertex
100
AcDb3dPolylineVertex
 10
2552640.0
 20
6967028.0
 30
511.93
 70
32
  0
VERTEX
  5
458
330
17
100
AcDbEntity
  8
ROAD-EP
100
AcDbVertex
100
AcDb3dPolylineVertex
 10
2552680.0
 20
6967028.0
 30
511.45
 70
32
  0
VERTEX
  5
459
330
17
100
AcDbEntity
  8
ROAD-EP
100
AcDbVertex
100
AcDb3dPolylineVertex
 10
2552720.0
 20
6967028.0
 30
510.98
 70
32
  0
VERTEX
  5
45A
330
17
100
AcDbEntity
  8
ROAD-EP
100
AcDbVertex
100
AcDb3dPolylineVertex
 10
2552760.0
 20
6967028.0
 30
510.52
 70
32
  0
VERTEX
  5
45B
330
17
100
AcDbEntity
  8
ROAD-EP
100
AcDbVertex
100
AcDb3dPolylineVertex
 10
2552800.0
 20
6967028.0
 30
510.11
 70
32
  0
VERTEX
  5
45C
330
17
100
AcDbEntity
  8
ROAD-EP
100
AcDbVertex
100
AcDb3dPolylineVertex
 10
2552840.0
 20
6967028.0
 30
509.81
 70
32
  0
VERTEX
  5
45D
330
17
100
AcDbEntity
  8
ROAD-EP
100
AcDbVertex
100
AcDb3dPolylineVertex
 10
2552880.0
 20
6967028.0
 30
509.68
 70
32
  0
VERTEX
  5
45E
330
17
100
AcDbEntity
  8
ROAD-EP
100
AcDbVertex
100
AcDb3dPolylineVertex
 10
2552920.0
 20
6967028.0
 30
509.73
 70
32
  0
VERTEX
  5
45F
330
17
100
AcDbEntity
  8
ROAD-EP
100
AcDbVertex
100
AcDb3dPolylineVertex
 10
2552960.0
 20
6967028.0
 30
509.87
 70
32
  0
VERTEX
  5
460
330
17
100
AcDbEntity
  8
ROAD-EP
100
AcDbVertex
100
AcDb3dPolylineVertex
 10
2553000.0
 20
6967028.0
 30
509.87
 70
32
  0
VERTEX
  5
461
330
17
100
AcDbEntity
  8
ROAD-EP
100
AcDbVertex
100
AcDb3dPolylineVertex
 10
2553040.0
 20
6967028.0
 30
509.5
 70
32
  0
VERTEX
  5
462
330
17
100
AcDbEntity
  8
ROAD-EP
100
AcDbVertex
100
AcDb3dPolylineVertex
 10
2553080.0
 20
6967028.0
 30
508.7
 70
32
  0
VERTEX
  5
463
330
17
100
AcDbEntity
  8
ROAD-EP
100
AcDbVertex
100
AcDb3dPolylineVertex
 10
2553120.0
 20
6967028.0
 30
507.64
 70
32
  0
VERTEX
  5
464
330
17
100
AcDbEntity
  8
ROAD-EP
100
AcDbVertex
100
AcDb3dPolylineVertex
 10
2553160.0
 20
6967028.0
 30
506.56
 70
32
  0
VERTEX
  5
465
330
17
100
AcDbEntity
  8
ROAD-EP
100
AcDbVertex
100
AcDb3dPolylineVertex
 10
2553200.0
 20
6967028.0
 30
505.64
 70
32
  0
SEQEND
  5
455
330
454
100
AcDbEntity
  8
ROAD-EP
  0
POLYLINE
  5
466
330
17
100
AcDbEntity
  8
ROAD-EP
100
AcDb3dPolyline
 66
1
 10
0.0
 20
0.0
 30
0.0
 70
8
  0
VERTEX
  5
468
330
17
100
AcDbEntity
  8
ROAD-EP
100
AcDbVertex
100
AcDb3dPolylineVertex
 10
2552600.0
 20
6967052.0
 30
512.89
 70
32
  0
VERTEX
  5
469
330
17
100
AcDbEntity
  8
ROAD-EP
100
AcDbVertex
100
AcDb3dPolylineVertex
 10
2552640.0
 20
6967052.0
 30
512.41
 70
32
  0
VERTEX
  5
46A
330
17
100
AcDbEntity
  8
ROAD-EP
100
AcDbVertex
100
AcDb3dPolylineVertex
 10
2552680.0
 20
6967052.0
 30
511.93
 70
32
  0
VERTEX
  5
46B
330
17
100
AcDbEntity
  8
ROAD-EP
100
AcDbVertex
100
AcDb3dPolylineVertex
 10
2552720.0
 20
6967052.0
 30
511.46
 70
32
  0
VERTEX
  5
46C
330
17
100
AcDbEntity
  8
ROAD-EP
100
AcDbVertex
100
AcDb3dPolylineVertex
 10
2552760.0
 20
6967052.0
 30
511.01
 70
32
  0
VERTEX
  5
46D
330
17
100
AcDbEntity
  8
ROAD-EP
100
AcDbVertex
100
AcDb3dPolylineVertex
 10
2552800.0
 20
6967052.0
 30
510.63
 70
32
  0
VERTEX
  5
46E
330
17
100
AcDbEntity
  8
ROAD-EP
100
AcDbVertex
100
AcDb3dPolylineVertex
 10
2552840.0
 20
6967052.0
 30
510.38
 70
32
  0
VERTEX
  5
46F
330
17
100
AcDbEntity
  8
ROAD-EP
100
AcDbVertex
100
AcDb3dPolylineVertex
 10
2552880.0
 20
6967052.0
 30
510.36
 70
32
  0
VERTEX
  5
470
330
17
100
AcDbEntity
  8
ROAD-EP
100
AcDbVertex
100
AcDb3dPolylineVertex
 10
2552920.0
 20
6967052.0
 30
510.59
 70
32
  0
VERTEX
  5
471
330
17
100
AcDbEntity
  8
ROAD-EP
100
AcDbVertex
100
AcDb3dPolylineVertex
 10
2552960.0
 20
6967052.0
 30
510.94
 70
32
  0
VERTEX
  5
472
330
17
100
AcDbEntity
  8
ROAD-EP
100
AcDbVertex
100
AcDb3dPolylineVertex
 10
2553000.0
 20
6967052.0
 30
511.09
 70
32
  0
VERTEX
  5
473
330
17
100
AcDbEntity
  8
ROAD-EP
100
AcDbVertex
100
AcDb3dPolylineVertex
 10
2553040.0
 20
6967052.0
 30
510.75
 70
32
  0
VERTEX
  5
474
330
17
100
AcDbEntity
  8
ROAD-EP
100
AcDbVertex
100
AcDb3dPolylineVertex
 10
2553080.0
 20
6967052.0
 30
509.85
 70
32
  0
VERTEX
  5
475
330
17
100
AcDbEntity
  8
ROAD-EP
100
AcDbVertex
100
AcDb3dPolylineVertex
 10
2553118.0
 20
6967052.0
 30
508.67
 70
32
  0
VERTEX
  5
476
330
17
100
AcDbEntity
  8
ROAD-EP
100
AcDbVertex
100
AcDb3dPolylineVertex
 10
2553125.764571353
 20
6967053.022225211
 30
508.45
 70
32
  0
VERTEX
  5
477
330
17
100
AcDbEntity
  8
ROAD-EP
100
AcDbVertex
100
AcDb3dPolylineVertex
 10
2553133.0
 20
6967056.019237886
 30
508.33
 70
32
  0
VERTEX
  5
478
330
17
100
AcDbEntity
  8
ROAD-EP
100
AcDbVertex
100
AcDb3dPolylineVertex
 10
2553139.2132034358
 20
6967060.786796564
 30
508.29
 70
32
  0
VERTEX
  5
479
330
17
100
AcDbEntity
  8
ROAD-EP
100
AcDbVertex
100
AcDb3dPolylineVertex
 10
2553143.9807621134
 20
6967067.0
 30
508.34
 70
32
  0
VERTEX
  5
47A
330
17
100
AcDbEntity
  8
ROAD-EP
100
AcDbVertex
100
AcDb3dPolylineVertex
 10
2553146.9777747886
 20
6967074.235428647
 30
508.48
 70
32
  0
VERTEX
  5
47B
330
17
100
AcDbEntity
  8
ROAD-EP
100
AcDbVertex
100
AcDb3dPolylineVertex
 10
2553148.0
 20
6967082.0
 30
508.69
 70
32
  0
VERTEX
  5
47C
330
17
100
AcDbEntity
  8
ROAD-EP
100
AcDbVertex
100
AcDb3dPolylineVertex
 10
2553148.0
 20
6967120.0
 30
509.67
 70
32
  0
VERTEX
  5
47D
330
17
100
AcDbEntity
  8
ROAD-EP
100
AcDbVertex
100
AcDb3dPolylineVertex
 10
2553148.0
 20
6967160.0
 30
510.05
 70
32
  0
VERTEX
  5
47E
330
17
100
AcDbEntity
  8
ROAD-EP
100
AcDbVertex
100
AcDb3dPolylineVertex
 10
2553148.0
 20
6967200.0
 30
509.83
 70
32
  0
VERTEX
  5
47F
330
17
100
AcDbEntity
  8
ROAD-EP
100
AcDbVertex
100
AcDb3dPolylineVertex
 10
2553148.0
 20
6967240.0
 30
509.8
 70
32
  0
VERTEX
  5
480
330
17
100
AcDbEntity
  8
ROAD-EP
100
AcDbVertex
100
AcDb3dPolylineVertex
 10
2553148.0
 20
6967280.0
 30
510.53
 70
32
  0
VERTEX
  5
481
330
17
100
AcDbEntity
  8
ROAD-EP
100
AcDbVertex
100
AcDb3dPolylineVertex
 10
2553148.0
 20
6967320.0
 30
511.59
 70
32
  0
SEQEND
  5
467
330
466
100
AcDbEntity
  8
ROAD-EP
  0
POLYLINE
  5
482
330
17
100
AcDbEntity
  8
ROAD-EP
100
AcDb3dPolyline
 66
1
 10
0.0
 20
0.0
 30
0.0
 70
8
  0
VERTEX
  5
484
330
17
100
AcDbEntity
  8
ROAD-EP
100
AcDbVertex
100
AcDb3dPolylineVertex
 10
2553172.0
 20
6967340.0
 30
511.74
 70
32
  0
VERTEX
  5
485
330
17
100
AcDbEntity
  8
ROAD-EP
100
AcDbVertex
100
AcDb3dPolylineVertex
 10
2553172.0
 20
6967300.0
 30
510.67
 70
32
  0
VERTEX
  5
486
330
17
100
AcDbEntity
  8
ROAD-EP
100
AcDbVertex
100
AcDb3dPolylineVertex
 10
2553172.0
 20
6967260.0
 30
509.54
 70
32
  0
VERTEX
  5
487
330
17
100
AcDbEntity
  8
ROAD-EP
100
AcDbVertex
100
AcDb3dPolylineVertex
 10
2553172.0
 20
6967220.0
 30
508.96
 70
32
  0
VERTEX
  5
488
330
17
100
AcDbEntity
  8
ROAD-EP
100
AcDbVertex
100
AcDb3dPolylineVertex
 10
2553172.0
 20
6967180.0
 30
509.03
 70
32
  0
VERTEX
  5
489
330
17
100
AcDbEntity
  8
ROAD-EP
100
AcDbVertex
100
AcDb3dPolylineVertex
 10
2553172.0
 20
6967140.0
 30
508.96
 70
32
  0
VERTEX
  5
48A
330
17
100
AcDbEntity
  8
ROAD-EP
100
AcDbVertex
100
AcDb3dPolylineVertex
 10
2553172.0
 20
6967100.0
 30
508.3
 70
32
  0
VERTEX
  5
48B
330
17
100
AcDbEntity
  8
ROAD-EP
100
AcDbVertex
100
AcDb3dPolylineVertex
 10
2553172.0
 20
6967082.0
 30
507.84
 70
32
  0
VERTEX
  5
48C
330
17
100
AcDbEntity
  8
ROAD-EP
100
AcDbVertex
100
AcDb3dPolylineVertex
 10
2553173.0222252114
 20
6967074.235428647
 30
507.59
 70
32
  0
VERTEX
  5
48D
330
17
100
AcDbEntity
  8
ROAD-EP
100
AcDbVertex
100
AcDb3dPolylineVertex
 10
2553176.0192378866
 20
6967067.0
 30
507.3
 70
32
  0
VERTEX
  5
48E
330
17
100
AcDbEntity
  8
ROAD-EP
100
AcDbVertex
100
AcDb3dPolylineVertex
 10
2553180.7867965642
 20
6967060.786796564
 30
506.99
 70
32
  0
VERTEX
  5
48F
330
17
100
AcDbEntity
  8
ROAD-EP
100
AcDbVertex
100
AcDb3dPolylineVertex
 10
2553187.0
 20
6967056.019237886
 30
506.69
 70
32
  0
VERTEX
  5
490
330
17
100
AcDbEntity
  8
ROAD-EP
100
AcDbVertex
100
AcDb3dPolylineVertex
 10
2553194.235428647
 20
6967053.022225211
 30
506.42
 70
32
  0
VERTEX
  5
491
330
17
100
AcDbEntity
  8
ROAD-EP
100
AcDbVertex
100
AcDb3dPolylineVertex
 10
2553202.0
 20
6967052.0
 30
506.21
 70
32
  0
VERTEX
  5
492
330
17
100
AcDbEntity
  8
ROAD-EP
100
AcDbVertex
100
AcDb3dPolylineVertex
 10
2553220.0
 20
6967052.0
 30
505.82
 70
32
  0
SEQEND
  5
483
330
482
100
AcDbEntity
  8
ROAD-EP
  0
POLYLINE
  5
493
330
17
100
AcDbEntity
  8
ROAD-CL
100
AcDb3dPolyline
 66
1
 10
0.0
 20
0.0
 30
0.0
 70
8
  0
VERTEX
  5
495
330
17
100
AcDbEntity
  8
ROAD-CL
100
AcDbVertex
100
AcDb3dPolylineVertex
 10
2553160.0
 20
6967080.0
 30
508.39
 70
32
  0
VERTEX
  5
496
330
17
100
AcDbEntity
  8
ROAD-CL
100
AcDbVertex
100
AcDb3dPolylineVertex
 10
2553160.0
 20
6967132.0
 30
509.56
 70
32
  0
VERTEX
  5
497
330
17
100
AcDbEntity
  8
ROAD-CL
100
AcDbVertex
100
AcDb3dPolylineVertex
 10
2553160.0
 20
6967184.0
 30
509.67
 70
32
  0
VERTEX
  5
498
330
17
100
AcDbEntity
  8
ROAD-CL
100
AcDbVertex
100
AcDb3dPolylineVertex
 10
2553160.0
 20
6967236.0
 30
509.62
 70
32
  0
VERTEX
  5
499
330
17
100
AcDbEntity
  8
ROAD-CL
100
AcDbVertex
100
AcDb3dPolylineVertex
 10
2553160.0
 20
6967288.0
 30
510.72
 70
32
  0
VERTEX
  5
49A
330
17
100
AcDbEntity
  8
ROAD-CL
100
AcDbVertex
100
AcDb3dPolylineVertex
 10
2553160.0
 20
6967340.0
 30
512.11
 70
32
  0
SEQEND
  5
494
330
493
100
AcDbEntity
  8
ROAD-CL
  0
POLYLINE
  5
49B
330
17
100
AcDbEntity
  8
ROAD-SIDEWALK
100
AcDb3dPolyline
 66
1
 10
0.0
 20
0.0
 30
0.0
 70
8
  0
VERTEX
  5
49D
330
17
100
AcDbEntity
  8
ROAD-SIDEWALK
100
AcDbVertex
100
AcDb3dPolylineVertex
 10
2552610.0
 20
6967060.0
 30
513.03
 70
32
  0
VERTEX
  5
49E
330
17
100
AcDbEntity
  8
ROAD-SIDEWALK
100
AcDbVertex
100
AcDb3dPolylineVertex
 10
2552676.0
 20
6967060.0
 30
512.24
 70
32
  0
VERTEX
  5
49F
330
17
100
AcDbEntity
  8
ROAD-SIDEWALK
100
AcDbVertex
100
AcDb3dPolylineVertex
 10
2552742.0
 20
6967060.0
 30
511.47
 70
32
  0
VERTEX
  5
4A0
330
17
100
AcDbEntity
  8
ROAD-SIDEWALK
100
AcDbVertex
100
AcDb3dPolylineVertex
 10
2552808.0
 20
6967060.0
 30
510.84
 70
32
  0
VERTEX
  5
4A1
330
17
100
AcDbEntity
  8
ROAD-SIDEWALK
100
AcDbVertex
100
AcDb3dPolylineVertex
 10
2552874.0
 20
6967060.0
 30
510.67
 70
32
  0
VERTEX
  5
4A2
330
17
100
AcDbEntity
  8
ROAD-SIDEWALK
100
AcDbVertex
100
AcDb3dPolylineVertex
 10
2552940.0
 20
6967060.0
 30
511.19
 70
32
  0
VERTEX
  5
4A3
330
17
100
AcDbEntity
  8
ROAD-SIDEWALK
100
AcDbVertex
100
AcDb3dPolylineVertex
 10
2553006.0
 20
6967060.0
 30
511.58
 70
32
  0
VERTEX
  5
4A4
330
17
100
AcDbEntity
  8
ROAD-SIDEWALK
100
AcDbVertex
100
AcDb3dPolylineVertex
 10
2553072.0
 20
6967060.0
 30
510.57
 70
32
  0
VERTEX
  5
4A5
330
17
100
AcDbEntity
  8
ROAD-SIDEWALK
100
AcDbVertex
100
AcDb3dPolylineVertex
 10
2553138.0
 20
6967060.0
 30
508.4
 70
32
  0
SEQEND
  5
49C
330
49B
100
AcDbEntity
  8
ROAD-SIDEWALK
  0
POLYLINE
  5
4A6
330
17
100
AcDbEntity
  8
BNDY-PL
100
AcDb3dPolyline
 66
1
 10
0.0
 20
0.0
 30
0.0
 70
9
  0
VERTEX
  5
4A8
330
17
100
AcDbEntity
  8
BNDY-PL
100
AcDbVertex
100
AcDb3dPolylineVertex
 10
2552600.0
 20
6967062.0
 30
513.24
 70
32
  0
VERTEX
  5
4A9
330
17
100
AcDbEntity
  8
BNDY-PL
100
AcDbVertex
100
AcDb3dPolylineVertex
 10
2553140.0
 20
6967062.0
 30
508.46
 70
32
  0
VERTEX
  5
4AA
330
17
100
AcDbEntity
  8
BNDY-PL
100
AcDbVertex
100
AcDb3dPolylineVertex
 10
2553140.0
 20
6967345.0
 30
512.45
 70
32
  0
VERTEX
  5
4AB
330
17
100
AcDbEntity
  8
BNDY-PL
100
AcDbVertex
100
AcDb3dPolylineVertex
 10
2552600.0
 20
6967345.0
 30
517.85
 70
32
  0
SEQEND
  5
4A7
330
4A6
100
AcDbEntity
  8
BNDY-PL
  0
POLYLINE
  5
4AC
330
17
100
AcDbEntity
  8
SITE-FENCE
100
AcDb3dPolyline
 66
1
 10
0.0
 20
0.0
 30
0.0
 70
8
  0
VERTEX
  5
4AE
330
17
100
AcDbEntity
  8
SITE-FENCE
100
AcDbVertex
100
AcDb3dPolylineVertex
 10
2552600.0
 20
6967343.0
 30
517.78
 70
32
  0
VERTEX
  5
4AF
330
17
100
AcDbEntity
  8
SITE-FENCE
100
AcDbVertex
100
AcDb3dPolylineVertex
 10
2552690.0
 20
6967343.0
 30
516.88
 70
32
  0
VERTEX
  5
4B0
330
17
100
AcDbEntity
  8
SITE-FENCE
100
AcDbVertex
100
AcDb3dPolylineVertex
 10
2552780.0
 20
6967343.0
 30
516.0
 70
32
  0
VERTEX
  5
4B1
330
17
100
AcDbEntity
  8
SITE-FENCE
100
AcDbVertex
100
AcDb3dPolylineVertex
 10
2552870.0
 20
6967343.0
 30
515.17
 70
32
  0
VERTEX
  5
4B2
330
17
100
AcDbEntity
  8
SITE-FENCE
100
AcDbVertex
100
AcDb3dPolylineVertex
 10
2552960.0
 20
6967343.0
 30
514.47
 70
32
  0
VERTEX
  5
4B3
330
17
100
AcDbEntity
  8
SITE-FENCE
100
AcDbVertex
100
AcDb3dPolylineVertex
 10
2553050.0
 20
6967343.0
 30
513.6
 70
32
  0
VERTEX
  5
4B4
330
17
100
AcDbEntity
  8
SITE-FENCE
100
AcDbVertex
100
AcDb3dPolylineVertex
 10
2553140.0
 20
6967343.0
 30
512.4
 70
32
  0
SEQEND
  5
4AD
330
4AC
100
AcDbEntity
  8
SITE-FENCE
  0
POLYLINE
  5
4B5
330
17
100
AcDbEntity
  8
ROAD-EP
100
AcDb3dPolyline
 66
1
 10
0.0
 20
0.0
 30
0.0
 70
9
  0
VERTEX
  5
4B7
330
17
100
AcDbEntity
  8
ROAD-EP
100
AcDbVertex
100
AcDb3dPolylineVertex
 10
2552720.0
 20
6967100.0
 30
512.52
 70
32
  0
VERTEX
  5
4B8
330
17
100
AcDbEntity
  8
ROAD-EP
100
AcDbVertex
100
AcDb3dPolylineVertex
 10
2552880.0
 20
6967100.0
 30
511.78
 70
32
  0
VERTEX
  5
4B9
330
17
100
AcDbEntity
  8
ROAD-EP
100
AcDbVertex
100
AcDb3dPolylineVertex
 10
2552880.0
 20
6967150.0
 30
512.77
 70
32
  0
VERTEX
  5
4BA
330
17
100
AcDbEntity
  8
ROAD-EP
100
AcDbVertex
100
AcDb3dPolylineVertex
 10
2552720.0
 20
6967150.0
 30
513.47
 70
32
  0
SEQEND
  5
4B6
330
4B5
100
AcDbEntity
  8
ROAD-EP
  0
POLYLINE
  5
4BB
330
17
100
AcDbEntity
  8
ROAD-SIDEWALK
100
AcDb3dPolyline
 66
1
 10
0.0
 20
0.0
 30
0.0
 70
8
  0
VERTEX
  5
4BD
330
17
100
AcDbEntity
  8
ROAD-SIDEWALK
100
AcDbVertex
100
AcDb3dPolylineVertex
 10
2552795.0
 20
6967152.0
 30
512.89
 70
32
  0
VERTEX
  5
4BE
330
17
100
AcDbEntity
  8
ROAD-SIDEWALK
100
AcDbVertex
100
AcDb3dPolylineVertex
 10
2552795.0
 20
6967100.0
 30
511.88
 70
32
  0
SEQEND
  5
4BC
330
4BB
100
AcDbEntity
  8
ROAD-SIDEWALK
  0
POLYLINE
  5
4BF
330
17
100
AcDbEntity
  8
HYDRO-SWALE
100
AcDb3dPolyline
 66
1
 10
0.0
 20
0.0
 30
0.0
 70
8
  0
VERTEX
  5
4C1
330
17
100
AcDbEntity
  8
HYDRO-SWALE
100
AcDbVertex
100
AcDb3dPolylineVertex
 10
2552630.0
 20
6967296.4
 30
516.07
 70
32
  0
VERTEX
  5
4C2
330
17
100
AcDbEntity
  8
HYDRO-SWALE
100
AcDbVertex
100
AcDb3dPolylineVertex
 10
2552680.0
 20
6967290.4
 30
515.35
 70
32
  0
VERTEX
  5
4C3
330
17
100
AcDbEntity
  8
HYDRO-SWALE
100
AcDbVertex
100
AcDb3dPolylineVertex
 10
2552730.0
 20
6967284.4
 30
514.64
 70
32
  0
VERTEX
  5
4C4
330
17
100
AcDbEntity
  8
HYDRO-SWALE
100
AcDbVertex
100
AcDb3dPolylineVertex
 10
2552780.0
 20
6967278.4
 30
513.95
 70
32
  0
VERTEX
  5
4C5
330
17
100
AcDbEntity
  8
HYDRO-SWALE
100
AcDbVertex
100
AcDb3dPolylineVertex
 10
2552830.0
 20
6967272.4
 30
513.35
 70
32
  0
VERTEX
  5
4C6
330
17
100
AcDbEntity
  8
HYDRO-SWALE
100
AcDbVertex
100
AcDb3dPolylineVertex
 10
2552880.0
 20
6967266.4
 30
512.98
 70
32
  0
VERTEX
  5
4C7
330
17
100
AcDbEntity
  8
HYDRO-SWALE
100
AcDbVertex
100
AcDb3dPolylineVertex
 10
2552930.0
 20
6967260.4
 30
512.92
 70
32
  0
VERTEX
  5
4C8
330
17
100
AcDbEntity
  8
HYDRO-SWALE
100
AcDbVertex
100
AcDb3dPolylineVertex
 10
2552980.0
 20
6967254.4
 30
513.02
 70
32
  0
VERTEX
  5
4C9
330
17
100
AcDbEntity
  8
HYDRO-SWALE
100
AcDbVertex
100
AcDb3dPolylineVertex
 10
2553030.0
 20
6967248.4
 30
512.8
 70
32
  0
VERTEX
  5
4CA
330
17
100
AcDbEntity
  8
HYDRO-SWALE
100
AcDbVertex
100
AcDb3dPolylineVertex
 10
2553080.0
 20
6967242.4
 30
511.91
 70
32
  0
VERTEX
  5
4CB
330
17
100
AcDbEntity
  8
HYDRO-SWALE
100
AcDbVertex
100
AcDb3dPolylineVertex
 10
2553130.0
 20
6967236.4
 30
510.46
 70
32
  0
SEQEND
  5
4C0
330
4BF
100
AcDbEntity
  8
HYDRO-SWALE
  0
POLYLINE
  5
4CC
330
17
100
AcDbEntity
  8
ROAD-CL
100
AcDb3dPolyline
 66
1
 10
0.0
 20
0.0
 30
0.0
 70
8
  0
VERTEX
  5
4CE
330
17
100
AcDbEntity
  8
ROAD-CL
100
AcDbVertex
100
AcDb3dPolylineVertex
 10
2552600.0
 20
6967040.0
 30
512.85
 70
32
  0
VERTEX
  5
4CF
330
17
100
AcDbEntity
  8
ROAD-CL
100
AcDbVertex
100
AcDb3dPolylineVertex
 10
2552640.0
 20
6967040.0
 30
512.37
 70
32
  0
VERTEX
  5
4D0
330
17
100
AcDbEntity
  8
ROAD-CL
100
AcDbVertex
100
AcDb3dPolylineVertex
 10
2552680.0
 20
6967040.0
 30
511.89
 70
32
  0
VERTEX
  5
4D1
330
17
100
AcDbEntity
  8
ROAD-CL
100
AcDbVertex
100
AcDb3dPolylineVertex
 10
2552720.0
 20
6967040.0
 30
511.42
 70
32
  0
VERTEX
  5
4D2
330
17
100
AcDbEntity
  8
ROAD-CL
100
AcDbVertex
100
AcDb3dPolylineVertex
 10
2552760.0
 20
6967040.0
 30
510.97
 70
32
  0
VERTEX
  5
4D3
330
17
100
AcDbEntity
  8
ROAD-CL
100
AcDbVertex
100
AcDb3dPolylineVertex
 10
2552800.0
 20
6967040.0
 30
510.57
 70
32
  0
VERTEX
  5
4D4
330
17
100
AcDbEntity
  8
ROAD-CL
100
AcDbVertex
100
AcDb3dPolylineVertex
 10
2552840.0
 20
6967040.0
 30
510.3
 70
32
  0
VERTEX
  5
4D5
330
17
100
AcDbEntity
  8
ROAD-CL
100
AcDbVertex
100
AcDb3dPolylineVertex
 10
2552880.0
 20
6967040.0
 30
510.22
 70
32
  0
VERTEX
  5
4D6
330
17
100
AcDbEntity
  8
ROAD-CL
100
AcDbVertex
100
AcDb3dPolylineVertex
 10
2552920.0
 20
6967040.0
 30
510.36
 70
32
  0
VERTEX
  5
4D7
330
17
100
AcDbEntity
  8
ROAD-CL
100
AcDbVertex
100
AcDb3dPolylineVertex
 10
2552960.0
 20
6967040.0
 30
510.6
 70
32
  0
VERTEX
  5
4D8
330
17
100
AcDbEntity
  8
ROAD-CL
100
AcDbVertex
100
AcDb3dPolylineVertex
 10
2553000.0
 20
6967040.0
 30
510.67
 70
32
  0
VERTEX
  5
4D9
330
17
100
AcDbEntity
  8
ROAD-CL
100
AcDbVertex
100
AcDb3dPolylineVertex
 10
2553040.0
 20
6967040.0
 30
510.32
 70
32
  0
VERTEX
  5
4DA
330
17
100
AcDbEntity
  8
ROAD-CL
100
AcDbVertex
100
AcDb3dPolylineVertex
 10
2553080.0
 20
6967040.0
 30
509.48
 70
32
  0
VERTEX
  5
4DB
330
17
100
AcDbEntity
  8
ROAD-CL
100
AcDbVertex
100
AcDb3dPolylineVertex
 10
2553120.0
 20
6967040.0
 30
508.32
 70
32
  0
VERTEX
  5
4DC
330
17
100
AcDbEntity
  8
ROAD-CL
100
AcDbVertex
100
AcDb3dPolylineVertex
 10
2553160.0
 20
6967040.0
 30
507.15
 70
32
  0
VERTEX
  5
4DD
330
17
100
AcDbEntity
  8
ROAD-CL
100
AcDbVertex
100
AcDb3dPolylineVertex
 10
2553200.0
 20
6967040.0
 30
506.15
 70
32
  0
SEQEND
  5
4CD
330
4CC
100
AcDbEntity
  8
ROAD-CL
  0
LWPOLYLINE
  5
4DE
330
17
100
AcDbEntity
  8
STRUCT-BLDG
100
AcDbPolyline
 90
4
 70
1
 38
514.92
 10
2552750.0
 20
6967170.0
 10
2552840.0
 20
6967170.0
 10
2552840.0
 20
6967224.0
 10
2552750.0
 20
6967224.0
  0
ENDSEC
  0
SECTION
  2
OBJECTS
  0
DICTIONARY
  5
A
330
0
100
AcDbDictionary
281
1
  3
ACAD_COLOR
350
B
  3
ACAD_GROUP
350
C
  3
ACAD_LAYOUT
350
D
  3
ACAD_MATERIAL
350
E
  3
ACAD_MLEADERSTYLE
350
F
  3
ACAD_MLINESTYLE
350
10
  3
ACAD_PLOTSETTINGS
350
11
  3
ACAD_PLOTSTYLENAME
350
12
  3
ACAD_SCALELIST
350
14
  3
ACAD_TABLESTYLE
350
15
  3
ACAD_VISUALSTYLE
350
16
  3
EZDXF_META
350
2D
  0
DICTIONARY
  5
B
330
A
100
AcDbDictionary
281
1
  0
DICTIONARY
  5
C
330
A
100
AcDbDictionary
281
1
  0
DICTIONARY
  5
D
330
A
100
AcDbDictionary
281
1
  3
Model
350
1A
  3
Layout1
350
1E
  0
DICTIONARY
  5
E
330
A
100
AcDbDictionary
281
1
  3
ByBlock
350
1F
  3
ByLayer
350
20
  3
Global
350
21
  0
DICTIONARY
  5
F
330
A
100
AcDbDictionary
281
1
  3
Standard
350
2C
  0
DICTIONARY
  5
10
330
A
100
AcDbDictionary
281
1
  3
Standard
350
22
  0
DICTIONARY
  5
11
330
A
100
AcDbDictionary
281
1
  0
ACDBDICTIONARYWDFLT
  5
12
330
A
100
AcDbDictionary
281
1
  3
Normal
350
13
100
AcDbDictionaryWithDefault
340
13
  0
ACDBPLACEHOLDER
  5
13
330
12
  0
DICTIONARY
  5
14
330
A
100
AcDbDictionary
281
1
  0
DICTIONARY
  5
15
330
A
100
AcDbDictionary
281
1
  0
DICTIONARY
  5
16
330
A
100
AcDbDictionary
281
1
  3
2dWireframe
350
5A
  3
Basic
350
5B
  3
Brighten
350
5C
  3
ColorChange
350
5D
  3
Conceptual
350
5E
  3
Dim
350
5F
  3
EdgeColorOff
350
60
  3
Facepattern
350
61
  3
Flat
350
62
  3
FlatWithEdges
350
63
  3
Gouraud
350
64
  3
GouraudWithEdges
350
65
  3
Hidden
350
66
  3
JitterOff
350
67
  3
Linepattern
350
68
  3
Modeling
350
69
  3
OverhangOff
350
6A
  3
Realistic
350
6B
  3
Shaded
350
6C
  3
Shaded with edges
350
6D
  3
Shades of Gray
350
6E
  3
Sketchy
350
6F
  3
Thicken
350
70
  3
Wireframe
350
71
  3
X-Ray
350
72
  0
LAYOUT
  5
1A
330
D
100
AcDbPlotSettings
  1

  4
A3
  6

 40
7.5
 41
20.0
 42
7.5
 43
20.0
 44
420.0
 45
297.0
 46
0.0
 47
0.0
 48
0.0
 49
0.0
140
0.0
141
0.0
142
1.0
143
1.0
 70
1024
 72
1
 73
0
 74
5
  7

 75
16
 76
0
 77
2
 78
300
147
1.0
148
0.0
149
0.0
100
AcDbLayout
  1
Model
 70
1
 71
0
 10
0.0
 20
0.0
 11
420.0
 21
297.0
 12
0.0
 22
0.0
 32
0.0
 14
1e+20
 24
1e+20
 34
1e+20
 15
-1e+20
 25
-1e+20
 35
-1e+20
146
0.0
 13
0.0
 23
0.0
 33
0.0
 16
1.0
 26
0.0
 36
0.0
 17
0.0
 27
1.0
 37
0.0
 76
1
330
17
  0
LAYOUT
  5
1E
330
D
100
AcDbPlotSettings
  1

  4
A3
  6

 40
7.5
 41
20.0
 42
7.5
 43
20.0
 44
420.0
 45
297.0
 46
0.0
 47
0.0
 48
0.0
 49
0.0
140
0.0
141
0.0
142
1.0
143
1.0
 70
0
 72
1
 73
0
 74
5
  7

 75
16
 76
0
 77
2
 78
300
147
1.0
148
0.0
149
0.0
100
AcDbLayout
  1
Layout1
 70
1
 71
1
 10
0.0
 20
0.0
 11
420.0
 21
297.0
 12
0.0
 22
0.0
 32
0.0
 14
1e+20
 24
1e+20
 34
1e+20
 15
-1e+20
 25
-1e+20
 35
-1e+20
146
0.0
 13
0.0
 23
0.0
 33
0.0
 16
1.0
 26
0.0
 36
0.0
 17
0.0
 27
1.0
 37
0.0
 76
1
330
1B
  0
MATERIAL
  5
1F
102
{ACAD_REACTORS
330
E
102
}
330
E
100
AcDbMaterial
  1
ByBlock
  2

 70
0
 40
1.0
 71
1
 41
1.0
 91
-1023410177
 42
1.0
 72
1
  3

 73
1
 74
1
 75
1
 44
0.5
 73
0
 45
1.0
 46
1.0
 77
1
  4

 78
1
 79
1
170
1
 48
1.0
171
1
  6

172
1
173
1
174
1
140
1.0
141
1.0
175
1
  7

176
1
177
1
178
1
143
1.0
179
1
  8

270
1
271
1
272
1
145
1.0
146
1.0
273
1
  9

274
1
275
1
276
1
 42
1.0
 72
1
  3

 73
1
 74
1
 75
1
 94
63
  0
MATERIAL
  5
20
102
{ACAD_REACTORS
330
E
102
}
330
E
100
AcDbMaterial
  1
ByLayer
  2

 70
0
 40
1.0
 71
1
 41
1.0
 91
-1023410177
 42
1.0
 72
1
  3

 73
1
 74
1
 75
1
 44
0.5
 73
0
 45
1.0
 46
1.0
 77
1
  4

 78
1
 79
1
170
1
 48
1.0
171
1
  6

172
1
173
1
174
1
140
1.0
141
1.0
175
1
  7

176
1
177
1
178
1
143
1.0
179
1
  8

270
1
271
1
272
1
145
1.0
146
1.0
273
1
  9

274
1
275
1
276
1
 42
1.0
 72
1
  3

 73
1
 74
1
 75
1
 94
63
  0
MATERIAL
  5
21
102
{ACAD_REACTORS
330
E
102
}
330
E
100
AcDbMaterial
  1
Global
  2

 70
0
 40
1.0
 71
1
 41
1.0
 91
-1023410177
 42
1.0
 72
1
  3

 73
1
 74
1
 75
1
 44
0.5
 73
0
 45
1.0
 46
1.0
 77
1
  4

 78
1
 79
1
170
1
 48
1.0
171
1
  6

172
1
173
1
174
1
140
1.0
141
1.0
175
1
  7

176
1
177
1
178
1
143
1.0
179
1
  8

270
1
271
1
272
1
145
1.0
146
1.0
273
1
  9

274
1
275
1
276
1
 42
1.0
 72
1
  3

 73
1
 74
1
 75
1
 94
63
  0
MLINESTYLE
  5
22
102
{ACAD_REACTORS
330
10
102
}
330
10
100
AcDbMlineStyle
  2
Standard
 70
0
  3

 62
256
 51
90.0
 52
90.0
 71
2
 49
0.5
 62
256
  6
BYLAYER
 49
-0.5
 62
256
  6
BYLAYER
  0
MLEADERSTYLE
  5
2C
102
{ACAD_REACTORS
330
F
102
}
330
F
100
AcDbMLeaderStyle
179
2
170
2
171
1
172
0
 90
2
 40
0.0
 41
0.0
173
1
 91
-1056964608
 92
-2
290
1
 42
2.0
291
1
 43
8.0
  3
Standard
 44
4.0
300

342
29
174
1
175
1
176
0
178
1
 93
-1056964608
 45
4.0
292
0
297
0
 46
4.0
 94
-1056964608
 47
1.0
 49
1.0
140
1.0
294
1
141
0.0
177
0
142
1.0
295
0
296
0
143
3.75
271
0
272
9
273
9
  0
DICTIONARY
  5
2D
330
A
100
AcDbDictionary
280
1
281
1
  3
CREATED_BY_EZDXF
350
2E
  3
WRITTEN_BY_EZDXF
350
4E2
  0
DICTIONARYVAR
  5
2E
330
2D
100
DictionaryVariables
280
0
  1
1.4.4 @ 2026-10-02T05:30:36.929878+00:00
  0
VISUALSTYLE
  5
5A
102
{ACAD_REACTORS
330
16
102
}
330
16
100
AcDbVisualStyle
  2
2dWireframe
 70
4
177
3
291
0
 70
58
 90
2
176
1
 90
2
176
1
 90
0
176
1
 90
0
176
1
 40
0.6
176
1
 40
30.0
176
1
 62
7
420
16777215
176
1
 90
1
176
1
 90
4
176
1
 62
7
176
1
 62
257
176
1
 90
1
176
1
 90
1
176
1
 40
1.0
176
1
 90
8
176
1
 62
7
176
1
 40
1.0
176
1
 90
1
176
1
 90
6
176
1
 90
2
176
1
 62
7
176
1
 90
5
176
1
 90
0
176
1
 90
0
176
1
290
0
176
1
 90
1
176
1
 40
0.0
176
1
 90
0
176
1
290
1
176
1
290
1
176
1
290
0
176
1
290
0
176
1
290
0
176
1
290
0
176
1
290
0
176
1
290
0
176
1
290
0
176
1
 90
50
176
1
 40
0.0
176
1
 40
1.0
176
1
 90
0
176
1
 62
18
420
0
176
1
 90
50
176
1
 90
3
176
1
 62
5
420
255
176
1
290
0
176
1
 90
50
176
1
 90
50
176
1
 90
50
176
1
290
0
176
1
 90
50
176
1
 62
256
176
0
 40
1.0
176
0
 90
2
176
1
  1
strokes_ogs.tif
176
1
290
0
176
1
 40
1.0
176
1
 40
1.0
176
1
  0
VISUALSTYLE
  5
5B
102
{ACAD_REACTORS
330
16
102
}
330
16
100
AcDbVisualStyle
  2
Basic
 70
7
177
3
291
1
 70
58
 90
2
176
1
 90
2
176
1
 90
0
176
1
 90
1
176
1
 40
0.6
176
1
 40
30.0
176
1
 62
7
420
16777215
176
1
 90
1
176
1
 90
4
176
1
 62
7
176
1
 62
257
176
1
 90
1
176
1
 90
1
176
1
 40
1.0
176
1
 90
8
176
1
 62
7
176
1
 40
1.0
176
1
 90
1
176
1
 90
6
176
1
 90
2
176
1
 62
7
176
1
 90
5
176
1
 90
0
176
1
 90
0
176
1
290
0
176
1
 90
1
176
1
 40
0.0
176
1
 90
0
176
1
290
0
176
1
290
1
176
1
290
1
176
1
290
0
176
1
290
0
176
1
290
0
176
1
290
0
176
1
290
0
176
1
290
0
176
1
 90
50
176
1
 40
0.0
176
1
 40
1.0
176
1
 90
0
176
1
 62
18
420
0
176
1
 90
50
176
1
 90
3
176
1
 62
5
420
255
176
1
290
0
176
1
 90
50
176
1
 90
50
176
1
 90
50
176
1
290
0
176
1
 90
50
176
1
 62
256
176
0
 40
1.0
176
0
 90
2
176
1
  1
strokes_ogs.tif
176
1
290
0
176
1
 40
1.0
176
1
 40
1.0
176
1
  0
VISUALSTYLE
  5
5C
102
{ACAD_REACTORS
330
16
102
}
330
16
100
AcDbVisualStyle
  2
Brighten
 70
12
177
3
291
1
 70
58
 90
2
176
1
 90
2
176
1
 90
0
176
1
 90
2
176
1
 40
0.6
176
1
 40
30.0
176
1
 62
7
420
16777215
176
1
 90
1
176
1
 90
4
176
1
 62
7
176
1
 62
257
176
1
 90
1
176
1
 90
1
176
1
 40
1.0
176
1
 90
8
176
1
 62
7
176
1
 40
1.0
176
1
 90
1
176
1
 90
6
176
1
 90
2
176
1
 62
7
176
1
 90
5
176
1
 90
0
176
1
 90
0
176
1
290
0
176
1
 90
1
176
1
 40
0.0
176
1
 90
0
176
1
290
0
176
1
290
1
176
1
290
1
176
1
290
0
176
1
290
0
176
1
290
0
176
1
290
0
176
1
290
0
176
1
290
0
176
1
 90
50
176
1
 40
0.0
176
1
 40
1.0
176
1
 90
0
176
1
 62
18
420
0
176
1
 90
50
176
1
 90
3
176
1
 62
5
420
255
176
1
290
0
176
1
 90
50
176
1
 90
50
176
1
 90
50
176
1
290
0
176
1
 90
50
176
1
 62
256
176
0
 40
1.0
176
0
 90
2
176
1
  1
strokes_ogs.tif
176
1
290
0
176
1
 40
1.0
176
1
 40
1.0
176
1
  0
VISUALSTYLE
  5
5D
102
{ACAD_REACTORS
330
16
102
}
330
16
100
AcDbVisualStyle
  2
ColorChange
 70
16
177
3
291
1
 70
58
 90
2
176
1
 90
2
176
1
 90
0
176
1
 90
2
176
1
 40
0.6
176
1
 40
30.0
176
1
 62
7
420
16777215
176
1
 90
1
176
1
 90
4
176
1
 62
7
176
1
 62
257
176
1
 90
1
176
1
 90
1
176
1
 40
1.0
176
1
 90
8
176
1
 62
7
176
1
 40
1.0
176
1
 90
1
176
1
 90
6
176
1
 90
2
176
1
 62
7
176
1
 90
5
176
1
 90
0
176
1
 90
0
176
1
290
0
176
1
 90
1
176
1
 40
0.0
176
1
 90
0
176
1
290
0
176
1
290
1
176
1
290
1
176
1
290
0
176
1
290
0
176
1
290
0
176
1
290
0
176
1
290
0
176
1
290
0
176
1
 90
50
176
1
 40
0.0
176
1
 40
1.0
176
1
 90
0
176
1
 62
18
420
0
176
1
 90
50
176
1
 90
3
176
1
 62
5
420
255
176
1
290
0
176
1
 90
50
176
1
 90
50
176
1
 90
50
176
1
290
0
176
1
 90
50
176
1
 62
256
176
0
 40
1.0
176
0
 90
2
176
1
  1
strokes_ogs.tif
176
1
290
0
176
1
 40
1.0
176
1
 40
1.0
176
1
  0
VISUALSTYLE
  5
5E
102
{ACAD_REACTORS
330
16
102
}
330
16
100
AcDbVisualStyle
  2
Conceptual
 70
9
177
3
291
0
 70
58
 90
2
176
1
 90
2
176
1
 90
0
176
1
 90
3
176
1
 40
0.6
176
1
 40
30.0
176
1
 62
7
420
16777215
176
1
 90
1
176
1
 90
4
176
1
 62
7
176
1
 62
257
176
1
 90
1
176
1
 90
1
176
1
 40
1.0
176
1
 90
8
176
1
 62
7
176
1
 40
1.0
176
1
 90
1
176
1
 90
6
176
1
 90
2
176
1
 62
7
176
1
 90
5
176
1
 90
0
176
1
 90
0
176
1
290
0
176
1
 90
1
176
1
 40
0.0
176
1
 90
0
176
1
290
0
176
1
290
1
176
1
290
1
176
1
290
0
176
1
290
0
176
1
290
0
176
1
290
0
176
1
290
0
176
1
290
0
176
1
 90
50
176
1
 40
0.0
176
1
 40
1.0
176
1
 90
0
176
1
 62
18
420
0
176
1
 90
50
176
1
 90
3
176
1
 62
5
420
255
176
1
290
0
176
1
 90
50
176
1
 90
50
176
1
 90
50
176
1
290
0
176
1
 90
50
176
1
 62
256
176
0
 40
1.0
176
0
 90
2
176
1
  1
strokes_ogs.tif
176
1
290
0
176
1
 40
1.0
176
1
 40
1.0
176
1
  0
VISUALSTYLE
  5
5F
102
{ACAD_REACTORS
330
16
102
}
330
16
100
AcDbVisualStyle
  2
Dim
 70
11
177
3
291
1
 70
58
 90
2
176
1
 90
2
176
1
 90
0
176
1
 90
2
176
1
 40
0.6
176
1
 40
30.0
176
1
 62
7
420
16777215
176
1
 90
1
176
1
 90
4
176
1
 62
7
176
1
 62
257
176
1
 90
1
176
1
 90
1
176
1
 40
1.0
176
1
 90
8
176
1
 62
7
176
1
 40
1.0
176
1
 90
1
176
1
 90
6
176
1
 90
2
176
1
 62
7
176
1
 90
5
176
1
 90
0
176
1
 90
0
176
1
290
0
176
1
 90
1
176
1
 40
0.0
176
1
 90
0
176
1
290
0
176
1
290
1
176
1
290
1
176
1
290
0
176
1
290
0
176
1
290
0
176
1
290
0
176
1
290
0
176
1
290
0
176
1
 90
50
176
1
 40
0.0
176
1
 40
1.0
176
1
 90
0
176
1
 62
18
420
0
176
1
 90
50
176
1
 90
3
176
1
 62
5
420
255
176
1
290
0
176
1
 90
50
176
1
 90
50
176
1
 90
50
176
1
290
0
176
1
 90
50
176
1
 62
256
176
0
 40
1.0
176
0
 90
2
176
1
  1
strokes_ogs.tif
176
1
290
0
176
1
 40
1.0
176
1
 40
1.0
176
1
  0
VISUALSTYLE
  5
60
102
{ACAD_REACTORS
330
16
102
}
330
16
100
AcDbVisualStyle
  2
EdgeColorOff
 70
22
177
3
291
1
 70
58
 90
2
176
1
 90
2
176
1
 90
0
176
1
 90
2
176
1
 40
0.6
176
1
 40
30.0
176
1
 62
7
420
16777215
176
1
 90
1
176
1
 90
4
176
1
 62
7
176
1
 62
257
176
1
 90
1
176
1
 90
1
176
1
 40
1.0
176
1
 90
8
176
1
 62
7
176
1
 40
1.0
176
1
 90
1
176
1
 90
6
176
1
 90
2
176
1
 62
7
176
1
 90
5
176
1
 90
0
176
1
 90
0
176
1
290
0
176
1
 90
1
176
1
 40
0.0
176
1
 90
0
176
1
290
0
176
1
290
1
176
1
290
1
176
1
290
0
176
1
290
0
176
1
290
0
176
1
290
0
176
1
290
0
176
1
290
0
176
1
 90
50
176
1
 40
0.0
176
1
 40
1.0
176
1
 90
0
176
1
 62
18
420
0
176
1
 90
50
176
1
 90
3
176
1
 62
5
420
255
176
1
290
0
176
1
 90
50
176
1
 90
50
176
1
 90
50
176
1
290
0
176
1
 90
50
176
1
 62
256
176
0
 40
1.0
176
0
 90
2
176
1
  1
strokes_ogs.tif
176
1
290
0
176
1
 40
1.0
176
1
 40
1.0
176
1
  0
VISUALSTYLE
  5
61
102
{ACAD_REACTORS
330
16
102
}
330
16
100
AcDbVisualStyle
  2
Facepattern
 70
15
177
3
291
1
 70
58
 90
2
176
1
 90
2
176
1
 90
0
176
1
 90
2
176
1
 40
0.6
176
1
 40
30.0
176
1
 62
7
420
16777215
176
1
 90
1
176
1
 90
4
176
1
 62
7
176
1
 62
257
176
1
 90
1
176
1
 90
1
176
1
 40
1.0
176
1
 90
8
176
1
 62
7
176
1
 40
1.0
176
1
 90
1
176
1
 90
6
176
1
 90
2
176
1
 62
7
176
1
 90
5
176
1
 90
0
176
1
 90
0
176
1
290
0
176
1
 90
1
176
1
 40
0.0
176
1
 90
0
176
1
290
0
176
1
290
1
176
1
290
1
176
1
290
0
176
1
290
0
176
1
290
0
176
1
290
0
176
1
290
0
176
1
290
0
176
1
 90
50
176
1
 40
0.0
176
1
 40
1.0
176
1
 90
0
176
1
 62
18
420
0
176
1
 90
50
176
1
 90
3
176
1
 62
5
420
255
176
1
290
0
176
1
 90
50
176
1
 90
50
176
1
 90
50
176
1
290
0
176
1
 90
50
176
1
 62
256
176
0
 40
1.0
176
0
 90
2
176
1
  1
strokes_ogs.tif
176
1
290
0
176
1
 40
1.0
176
1
 40
1.0
176
1
  0
VISUALSTYLE
  5
62
102
{ACAD_REACTORS
330
16
102
}
330
16
100
AcDbVisualStyle
  2
Flat
 70
0
177
3
291
1
 70
58
 90
2
176
1
 90
2
176
1
 90
0
176
1
 90
2
176
1
 40
0.6
176
1
 40
30.0
176
1
 62
7
420
16777215
176
1
 90
1
176
1
 90
4
176
1
 62
7
176
1
 62
257
176
1
 90
1
176
1
 90
1
176
1
 40
1.0
176
1
 90
8
176
1
 62
7
176
1
 40
1.0
176
1
 90
1
176
1
 90
6
176
1
 90
2
176
1
 62
7
176
1
 90
5
176
1
 90
0
176
1
 90
0
176
1
290
0
176
1
 90
1
176
1
 40
0.0
176
1
 90
0
176
1
290
0
176
1
290
1
176
1
290
1
176
1
290
0
176
1
290
0
176
1
290
0
176
1
290
0
176
1
290
0
176
1
290
0
176
1
 90
50
176
1
 40
0.0
176
1
 40
1.0
176
1
 90
0
176
1
 62
18
420
0
176
1
 90
50
176
1
 90
3
176
1
 62
5
420
255
176
1
290
0
176
1
 90
50
176
1
 90
50
176
1
 90
50
176
1
290
0
176
1
 90
50
176
1
 62
256
176
0
 40
1.0
176
0
 90
2
176
1
  1
strokes_ogs.tif
176
1
290
0
176
1
 40
1.0
176
1
 40
1.0
176
1
  0
VISUALSTYLE
  5
63
102
{ACAD_REACTORS
330
16
102
}
330
16
100
AcDbVisualStyle
  2
FlatWithEdges
 70
1
177
3
291
1
 70
58
 90
2
176
1
 90
2
176
1
 90
0
176
1
 90
2
176
1
 40
0.6
176
1
 40
30.0
176
1
 62
7
420
16777215
176
1
 90
1
176
1
 90
4
176
1
 62
7
176
1
 62
257
176
1
 90
1
176
1
 90
1
176
1
 40
1.0
176
1
 90
8
176
1
 62
7
176
1
 40
1.0
176
1
 90
1
176
1
 90
6
176
1
 90
2
176
1
 62
7
176
1
 90
5
176
1
 90
0
176
1
 90
0
176
1
290
0
176
1
 90
1
176
1
 40
0.0
176
1
 90
0
176
1
290
0
176
1
290
1
176
1
290
1
176
1
290
0
176
1
290
0
176
1
290
0
176
1
290
0
176
1
290
0
176
1
290
0
176
1
 90
50
176
1
 40
0.0
176
1
 40
1.0
176
1
 90
0
176
1
 62
18
420
0
176
1
 90
50
176
1
 90
3
176
1
 62
5
420
255
176
1
290
0
176
1
 90
50
176
1
 90
50
176
1
 90
50
176
1
290
0
176
1
 90
50
176
1
 62
256
176
0
 40
1.0
176
0
 90
2
176
1
  1
strokes_ogs.tif
176
1
290
0
176
1
 40
1.0
176
1
 40
1.0
176
1
  0
VISUALSTYLE
  5
64
102
{ACAD_REACTORS
330
16
102
}
330
16
100
AcDbVisualStyle
  2
Gouraud
 70
2
177
3
291
1
 70
58
 90
2
176
1
 90
2
176
1
 90
0
176
1
 90
2
176
1
 40
0.6
176
1
 40
30.0
176
1
 62
7
420
16777215
176
1
 90
1
176
1
 90
4
176
1
 62
7
176
1
 62
257
176
1
 90
1
176
1
 90
1
176
1
 40
1.0
176
1
 90
8
176
1
 62
7
176
1
 40
1.0
176
1
 90
1
176
1
 90
6
176
1
 90
2
176
1
 62
7
176
1
 90
5
176
1
 90
0
176
1
 90
0
176
1
290
0
176
1
 90
1
176
1
 40
0.0
176
1
 90
0
176
1
290
0
176
1
290
1
176
1
290
1
176
1
290
0
176
1
290
0
176
1
290
0
176
1
290
0
176
1
290
0
176
1
290
0
176
1
 90
50
176
1
 40
0.0
176
1
 40
1.0
176
1
 90
0
176
1
 62
18
420
0
176
1
 90
50
176
1
 90
3
176
1
 62
5
420
255
176
1
290
0
176
1
 90
50
176
1
 90
50
176
1
 90
50
176
1
290
0
176
1
 90
50
176
1
 62
256
176
0
 40
1.0
176
0
 90
2
176
1
  1
strokes_ogs.tif
176
1
290
0
176
1
 40
1.0
176
1
 40
1.0
176
1
  0
VISUALSTYLE
  5
65
102
{ACAD_REACTORS
330
16
102
}
330
16
100
AcDbVisualStyle
  2
GouraudWithEdges
 70
3
177
3
291
1
 70
58
 90
2
176
1
 90
2
176
1
 90
0
176
1
 90
2
176
1
 40
0.6
176
1
 40
30.0
176
1
 62
7
420
16777215
176
1
 90
1
176
1
 90
4
176
1
 62
7
176
1
 62
257
176
1
 90
1
176
1
 90
1
176
1
 40
1.0
176
1
 90
8
176
1
 62
7
176
1
 40
1.0
176
1
 90
1
176
1
 90
6
176
1
 90
2
176
1
 62
7
176
1
 90
5
176
1
 90
0
176
1
 90
0
176
1
290
0
176
1
 90
1
176
1
 40
0.0
176
1
 90
0
176
1
290
0
176
1
290
1
176
1
290
1
176
1
290
0
176
1
290
0
176
1
290
0
176
1
290
0
176
1
290
0
176
1
290
0
176
1
 90
50
176
1
 40
0.0
176
1
 40
1.0
176
1
 90
0
176
1
 62
18
420
0
176
1
 90
50
176
1
 90
3
176
1
 62
5
420
255
176
1
290
0
176
1
 90
50
176
1
 90
50
176
1
 90
50
176
1
290
0
176
1
 90
50
176
1
 62
256
176
0
 40
1.0
176
0
 90
2
176
1
  1
strokes_ogs.tif
176
1
290
0
176
1
 40
1.0
176
1
 40
1.0
176
1
  0
VISUALSTYLE
  5
66
102
{ACAD_REACTORS
330
16
102
}
330
16
100
AcDbVisualStyle
  2
Hidden
 70
6
177
3
291
0
 70
58
 90
2
176
1
 90
2
176
1
 90
0
176
1
 90
1
176
1
 40
0.6
176
1
 40
30.0
176
1
 62
7
420
16777215
176
1
 90
1
176
1
 90
4
176
1
 62
7
176
1
 62
257
176
1
 90
1
176
1
 90
1
176
1
 40
1.0
176
1
 90
8
176
1
 62
7
176
1
 40
1.0
176
1
 90
1
176
1
 90
6
176
1
 90
2
176
1
 62
7
176
1
 90
5
176
1
 90
0
176
1
 90
0
176
1
290
0
176
1
 90
1
176
1
 40
0.0
176
1
 90
0
176
1
290
0
176
1
290
1
176
1
290
1
176
1
290
0
176
1
290
0
176
1
290
0
176
1
290
0
176
1
290
0
176
1
290
0
176
1
 90
50
176
1
 40
0.0
176
1
 40
1.0
176
1
 90
0
176
1
 62
18
420
0
176
1
 90
50
176
1
 90
3
176
1
 62
5
420
255
176
1
290
0
176
1
 90
50
176
1
 90
50
176
1
 90
50
176
1
290
0
176
1
 90
50
176
1
 62
256
176
0
 40
1.0
176
0
 90
2
176
1
  1
strokes_ogs.tif
176
1
290
0
176
1
 40
1.0
176
1
 40
1.0
176
1
  0
VISUALSTYLE
  5
67
102
{ACAD_REACTORS
330
16
102
}
330
16
100
AcDbVisualStyle
  2
JitterOff
 70
20
177
3
291
1
 70
58
 90
2
176
1
 90
2
176
1
 90
0
176
1
 90
2
176
1
 40
0.6
176
1
 40
30.0
176
1
 62
7
420
16777215
176
1
 90
1
176
1
 90
4
176
1
 62
7
176
1
 62
257
176
1
 90
1
176
1
 90
1
176
1
 40
1.0
176
1
 90
8
176
1
 62
7
176
1
 40
1.0
176
1
 90
1
176
1
 90
6
176
1
 90
2
176
1
 62
7
176
1
 90
5
176
1
 90
0
176
1
 90
0
176
1
290
0
176
1
 90
1
176
1
 40
0.0
176
1
 90
0
176
1
290
0
176
1
290
1
176
1
290
1
176
1
290
0
176
1
290
0
176
1
290
0
176
1
290
0
176
1
290
0
176
1
290
0
176
1
 90
50
176
1
 40
0.0
176
1
 40
1.0
176
1
 90
0
176
1
 62
18
420
0
176
1
 90
50
176
1
 90
3
176
1
 62
5
420
255
176
1
290
0
176
1
 90
50
176
1
 90
50
176
1
 90
50
176
1
290
0
176
1
 90
50
176
1
 62
256
176
0
 40
1.0
176
0
 90
2
176
1
  1
strokes_ogs.tif
176
1
290
0
176
1
 40
1.0
176
1
 40
1.0
176
1
  0
VISUALSTYLE
  5
68
102
{ACAD_REACTORS
330
16
102
}
330
16
100
AcDbVisualStyle
  2
Linepattern
 70
14
177
3
291
1
 70
58
 90
2
176
1
 90
2
176
1
 90
0
176
1
 90
2
176
1
 40
0.6
176
1
 40
30.0
176
1
 62
7
420
16777215
176
1
 90
1
176
1
 90
4
176
1
 62
7
176
1
 62
257
176
1
 90
1
176
1
 90
1
176
1
 40
1.0
176
1
 90
8
176
1
 62
7
176
1
 40
1.0
176
1
 90
1
176
1
 90
6
176
1
 90
2
176
1
 62
7
176
1
 90
5
176
1
 90
0
176
1
 90
0
176
1
290
0
176
1
 90
1
176
1
 40
0.0
176
1
 90
0
176
1
290
0
176
1
290
1
176
1
290
1
176
1
290
0
176
1
290
0
176
1
290
0
176
1
290
0
176
1
290
0
176
1
290
0
176
1
 90
50
176
1
 40
0.0
176
1
 40
1.0
176
1
 90
0
176
1
 62
18
420
0
176
1
 90
50
176
1
 90
3
176
1
 62
5
420
255
176
1
290
0
176
1
 90
50
176
1
 90
50
176
1
 90
50
176
1
290
0
176
1
 90
50
176
1
 62
256
176
0
 40
1.0
176
0
 90
2
176
1
  1
strokes_ogs.tif
176
1
290
0
176
1
 40
1.0
176
1
 40
1.0
176
1
  0
VISUALSTYLE
  5
69
102
{ACAD_REACTORS
330
16
102
}
330
16
100
AcDbVisualStyle
  2
Modeling
 70
10
177
3
291
0
 70
58
 90
2
176
1
 90
2
176
1
 90
0
176
1
 90
2
176
1
 40
0.6
176
1
 40
30.0
176
1
 62
7
420
16777215
176
1
 90
1
176
1
 90
4
176
1
 62
7
176
1
 62
257
176
1
 90
1
176
1
 90
1
176
1
 40
1.0
176
1
 90
8
176
1
 62
7
176
1
 40
1.0
176
1
 90
1
176
1
 90
6
176
1
 90
2
176
1
 62
7
176
1
 90
5
176
1
 90
0
176
1
 90
0
176
1
290
0
176
1
 90
1
176
1
 40
0.0
176
1
 90
0
176
1
290
0
176
1
290
1
176
1
290
1
176
1
290
0
176
1
290
0
176
1
290
0
176
1
290
0
176
1
290
0
176
1
290
0
176
1
 90
50
176
1
 40
0.0
176
1
 40
1.0
176
1
 90
0
176
1
 62
18
420
0
176
1
 90
50
176
1
 90
3
176
1
 62
5
420
255
176
1
290
0
176
1
 90
50
176
1
 90
50
176
1
 90
50
176
1
290
0
176
1
 90
50
176
1
 62
256
176
0
 40
1.0
176
0
 90
2
176
1
  1
strokes_ogs.tif
176
1
290
0
176
1
 40
1.0
176
1
 40
1.0
176
1
  0
VISUALSTYLE
  5
6A
102
{ACAD_REACTORS
330
16
102
}
330
16
100
AcDbVisualStyle
  2
OverhangOff
 70
21
177
3
291
1
 70
58
 90
2
176
1
 90
2
176
1
 90
0
176
1
 90
2
176
1
 40
0.6
176
1
 40
30.0
176
1
 62
7
420
16777215
176
1
 90
1
176
1
 90
4
176
1
 62
7
176
1
 62
257
176
1
 90
1
176
1
 90
1
176
1
 40
1.0
176
1
 90
8
176
1
 62
7
176
1
 40
1.0
176
1
 90
1
176
1
 90
6
176
1
 90
2
176
1
 62
7
176
1
 90
5
176
1
 90
0
176
1
 90
0
176
1
290
0
176
1
 90
1
176
1
 40
0.0
176
1
 90
0
176
1
290
0
176
1
290
1
176
1
290
1
176
1
290
0
176
1
290
0
176
1
290
0
176
1
290
0
176
1
290
0
176
1
290
0
176
1
 90
50
176
1
 40
0.0
176
1
 40
1.0
176
1
 90
0
176
1
 62
18
420
0
176
1
 90
50
176
1
 90
3
176
1
 62
5
420
255
176
1
290
0
176
1
 90
50
176
1
 90
50
176
1
 90
50
176
1
290
0
176
1
 90
50
176
1
 62
256
176
0
 40
1.0
176
0
 90
2
176
1
  1
strokes_ogs.tif
176
1
290
0
176
1
 40
1.0
176
1
 40
1.0
176
1
  0
VISUALSTYLE
  5
6B
102
{ACAD_REACTORS
330
16
102
}
330
16
100
AcDbVisualStyle
  2
Realistic
 70
8
177
3
291
0
 70
58
 90
2
176
1
 90
2
176
1
 90
0
176
1
 90
2
176
1
 40
0.6
176
1
 40
30.0
176
1
 62
7
420
16777215
176
1
 90
1
176
1
 90
4
176
1
 62
7
176
1
 62
257
176
1
 90
1
176
1
 90
1
176
1
 40
1.0
176
1
 90
8
176
1
 62
7
176
1
 40
1.0
176
1
 90
1
176
1
 90
6
176
1
 90
2
176
1
 62
7
176
1
 90
5
176
1
 90
0
176
1
 90
0
176
1
290
0
176
1
 90
1
176
1
 40
0.0
176
1
 90
0
176
1
290
0
176
1
290
1
176
1
290
1
176
1
290
0
176
1
290
0
176
1
290
0
176
1
290
0
176
1
290
0
176
1
290
0
176
1
 90
50
176
1
 40
0.0
176
1
 40
1.0
176
1
 90
0
176
1
 62
18
420
0
176
1
 90
50
176
1
 90
3
176
1
 62
5
420
255
176
1
290
0
176
1
 90
50
176
1
 90
50
176
1
 90
50
176
1
290
0
176
1
 90
50
176
1
 62
256
176
0
 40
1.0
176
0
 90
2
176
1
  1
strokes_ogs.tif
176
1
290
0
176
1
 40
1.0
176
1
 40
1.0
176
1
  0
VISUALSTYLE
  5
6C
102
{ACAD_REACTORS
330
16
102
}
330
16
100
AcDbVisualStyle
  2
Shaded
 70
27
177
3
291
0
 70
58
 90
2
176
1
 90
2
176
1
 90
0
176
1
 90
2
176
1
 40
0.6
176
1
 40
30.0
176
1
 62
7
420
16777215
176
1
 90
1
176
1
 90
4
176
1
 62
7
176
1
 62
257
176
1
 90
1
176
1
 90
1
176
1
 40
1.0
176
1
 90
8
176
1
 62
7
176
1
 40
1.0
176
1
 90
1
176
1
 90
6
176
1
 90
2
176
1
 62
7
176
1
 90
5
176
1
 90
0
176
1
 90
0
176
1
290
0
176
1
 90
1
176
1
 40
0.0
176
1
 90
0
176
1
290
0
176
1
290
1
176
1
290
1
176
1
290
0
176
1
290
0
176
1
290
0
176
1
290
0
176
1
290
0
176
1
290
0
176
1
 90
50
176
1
 40
0.0
176
1
 40
1.0
176
1
 90
0
176
1
 62
18
420
0
176
1
 90
50
176
1
 90
3
176
1
 62
5
420
255
176
1
290
0
176
1
 90
50
176
1
 90
50
176
1
 90
50
176
1
290
0
176
1
 90
50
176
1
 62
256
176
0
 40
1.0
176
0
 90
2
176
1
  1
strokes_ogs.tif
176
1
290
0
176
1
 40
1.0
176
1
 40
1.0
176
1
  0
VISUALSTYLE
  5
6D
102
{ACAD_REACTORS
330
16
102
}
330
16
100
AcDbVisualStyle
  2
Shaded with edges
 70
26
177
3
291
0
 70
58
 90
2
176
1
 90
2
176
1
 90
0
176
1
 90
2
176
1
 40
0.6
176
1
 40
30.0
176
1
 62
7
420
16777215
176
1
 90
1
176
1
 90
4
176
1
 62
7
176
1
 62
257
176
1
 90
1
176
1
 90
1
176
1
 40
1.0
176
1
 90
8
176
1
 62
7
176
1
 40
1.0
176
1
 90
1
176
1
 90
6
176
1
 90
2
176
1
 62
7
176
1
 90
5
176
1
 90
0
176
1
 90
0
176
1
290
0
176
1
 90
1
176
1
 40
0.0
176
1
 90
0
176
1
290
0
176
1
290
1
176
1
290
1
176
1
290
0
176
1
290
0
176
1
290
0
176
1
290
0
176
1
290
0
176
1
290
0
176
1
 90
50
176
1
 40
0.0
176
1
 40
1.0
176
1
 90
0
176
1
 62
18
420
0
176
1
 90
50
176
1
 90
3
176
1
 62
5
420
255
176
1
290
0
176
1
 90
50
176
1
 90
50
176
1
 90
50
176
1
290
0
176
1
 90
50
176
1
 62
256
176
0
 40
1.0
176
0
 90
2
176
1
  1
strokes_ogs.tif
176
1
290
0
176
1
 40
1.0
176
1
 40
1.0
176
1
  0
VISUALSTYLE
  5
6E
102
{ACAD_REACTORS
330
16
102
}
330
16
100
AcDbVisualStyle
  2
Shades of Gray
 70
23
177
3
291
0
 70
58
 90
2
176
1
 90
2
176
1
 90
0
176
1
 90
2
176
1
 40
0.6
176
1
 40
30.0
176
1
 62
7
420
16777215
176
1
 90
1
176
1
 90
4
176
1
 62
7
176
1
 62
257
176
1
 90
1
176
1
 90
1
176
1
 40
1.0
176
1
 90
8
176
1
 62
7
176
1
 40
1.0
176
1
 90
1
176
1
 90
6
176
1
 90
2
176
1
 62
7
176
1
 90
5
176
1
 90
0
176
1
 90
0
176
1
290
0
176
1
 90
1
176
1
 40
0.0
176
1
 90
0
176
1
290
0
176
1
290
1
176
1
290
1
176
1
290
0
176
1
290
0
176
1
290
0
176
1
290
0
176
1
290
0
176
1
290
0
176
1
 90
50
176
1
 40
0.0
176
1
 40
1.0
176
1
 90
0
176
1
 62
18
420
0
176
1
 90
50
176
1
 90
3
176
1
 62
5
420
255
176
1
290
0
176
1
 90
50
176
1
 90
50
176
1
 90
50
176
1
290
0
176
1
 90
50
176
1
 62
256
176
0
 40
1.0
176
0
 90
2
176
1
  1
strokes_ogs.tif
176
1
290
0
176
1
 40
1.0
176
1
 40
1.0
176
1
  0
VISUALSTYLE
  5
6F
102
{ACAD_REACTORS
330
16
102
}
330
16
100
AcDbVisualStyle
  2
Sketchy
 70
24
177
3
291
0
 70
58
 90
2
176
1
 90
2
176
1
 90
0
176
1
 90
1
176
1
 40
0.6
176
1
 40
30.0
176
1
 62
7
420
16777215
176
1
 90
1
176
1
 90
4
176
1
 62
7
176
1
 62
257
176
1
 90
1
176
1
 90
1
176
1
 40
1.0
176
1
 90
8
176
1
 62
7
176
1
 40
1.0
176
1
 90
1
176
1
 90
6
176
1
 90
2
176
1
 62
7
176
1
 90
5
176
1
 90
0
176
1
 90
0
176
1
290
0
176
1
 90
1
176
1
 40
0.0
176
1
 90
0
176
1
290
0
176
1
290
1
176
1
290
1
176
1
290
0
176
1
290
0
176
1
290
0
176
1
290
0
176
1
290
0
176
1
290
0
176
1
 90
50
176
1
 40
0.0
176
1
 40
1.0
176
1
 90
0
176
1
 62
18
420
0
176
1
 90
50
176
1
 90
3
176
1
 62
5
420
255
176
1
290
0
176
1
 90
50
176
1
 90
50
176
1
 90
50
176
1
290
0
176
1
 90
50
176
1
 62
256
176
0
 40
1.0
176
0
 90
2
176
1
  1
strokes_ogs.tif
176
1
290
0
176
1
 40
1.0
176
1
 40
1.0
176
1
  0
VISUALSTYLE
  5
70
102
{ACAD_REACTORS
330
16
102
}
330
16
100
AcDbVisualStyle
  2
Thicken
 70
13
177
3
291
1
 70
58
 90
2
176
1
 90
2
176
1
 90
0
176
1
 90
2
176
1
 40
0.6
176
1
 40
30.0
176
1
 62
7
420
16777215
176
1
 90
1
176
1
 90
4
176
1
 62
7
176
1
 62
257
176
1
 90
1
176
1
 90
1
176
1
 40
1.0
176
1
 90
8
176
1
 62
7
176
1
 40
1.0
176
1
 90
1
176
1
 90
6
176
1
 90
2
176
1
 62
7
176
1
 90
5
176
1
 90
0
176
1
 90
0
176
1
290
0
176
1
 90
1
176
1
 40
0.0
176
1
 90
0
176
1
290
0
176
1
290
1
176
1
290
1
176
1
290
0
176
1
290
0
176
1
290
0
176
1
290
0
176
1
290
0
176
1
290
0
176
1
 90
50
176
1
 40
0.0
176
1
 40
1.0
176
1
 90
0
176
1
 62
18
420
0
176
1
 90
50
176
1
 90
3
176
1
 62
5
420
255
176
1
290
0
176
1
 90
50
176
1
 90
50
176
1
 90
50
176
1
290
0
176
1
 90
50
176
1
 62
256
176
0
 40
1.0
176
0
 90
2
176
1
  1
strokes_ogs.tif
176
1
290
0
176
1
 40
1.0
176
1
 40
1.0
176
1
  0
VISUALSTYLE
  5
71
102
{ACAD_REACTORS
330
16
102
}
330
16
100
AcDbVisualStyle
  2
Wireframe
 70
5
177
3
291
0
 70
58
 90
2
176
1
 90
2
176
1
 90
0
176
1
 90
0
176
1
 40
0.6
176
1
 40
30.0
176
1
 62
7
420
16777215
176
1
 90
1
176
1
 90
4
176
1
 62
7
176
1
 62
257
176
1
 90
1
176
1
 90
1
176
1
 40
1.0
176
1
 90
8
176
1
 62
7
176
1
 40
1.0
176
1
 90
1
176
1
 90
6
176
1
 90
2
176
1
 62
7
176
1
 90
5
176
1
 90
0
176
1
 90
0
176
1
290
0
176
1
 90
1
176
1
 40
0.0
176
1
 90
0
176
1
290
0
176
1
290
1
176
1
290
1
176
1
290
0
176
1
290
0
176
1
290
0
176
1
290
0
176
1
290
0
176
1
290
0
176
1
 90
50
176
1
 40
0.0
176
1
 40
1.0
176
1
 90
0
176
1
 62
18
420
0
176
1
 90
50
176
1
 90
3
176
1
 62
5
420
255
176
1
290
0
176
1
 90
50
176
1
 90
50
176
1
 90
50
176
1
290
0
176
1
 90
50
176
1
 62
256
176
0
 40
1.0
176
0
 90
2
176
1
  1
strokes_ogs.tif
176
1
290
0
176
1
 40
1.0
176
1
 40
1.0
176
1
  0
VISUALSTYLE
  5
72
102
{ACAD_REACTORS
330
16
102
}
330
16
100
AcDbVisualStyle
  2
X-Ray
 70
25
177
3
291
0
 70
58
 90
2
176
1
 90
2
176
1
 90
0
176
1
 90
2
176
1
 40
0.5
176
1
 40
30.0
176
1
 62
7
420
16777215
176
1
 90
1
176
1
 90
4
176
1
 62
7
176
1
 62
257
176
1
 90
1
176
1
 90
1
176
1
 40
1.0
176
1
 90
8
176
1
 62
7
176
1
 40
1.0
176
1
 90
1
176
1
 90
6
176
1
 90
2
176
1
 62
7
176
1
 90
5
176
1
 90
0
176
1
 90
0
176
1
290
0
176
1
 90
1
176
1
 40
0.0
176
1
 90
0
176
1
290
0
176
1
290
1
176
1
290
1
176
1
290
0
176
1
290
0
176
1
290
0
176
1
290
0
176
1
290
0
176
1
290
0
176
1
 90
50
176
1
 40
0.0
176
1
 40
1.0
176
1
 90
0
176
1
 62
18
420
0
176
1
 90
50
176
1
 90
3
176
1
 62
5
420
255
176
1
290
0
176
1
 90
50
176
1
 90
50
176
1
 90
50
176
1
290
0
176
1
 90
50
176
1
 62
256
176
0
 40
1.0
176
0
 90
2
176
1
  1
strokes_ogs.tif
176
1
290
0
176
1
 40
1.0
176
1
 40
1.0
176
1
  0
DICTIONARYVAR
  5
4E2
330
2D
100
DictionaryVariables
280
0
  1
1.4.4 @ 2026-10-02T05:30:37.087330+00:00
  0
ENDSEC
  0
EOF
